path,route,url,jsonld_blocks,parse_errors,faq_pre,breadcrumb_pre,software_pre,faq_post,breadcrumb_post,software_post,faq_blocks,breadcrumb_blocks,software_blocks,faq_snippet,breadcrumb_snippet,software_snippet,status,action
public/calculators/car-loan-calculators/auto-loan-calculator/index.html,/calculators/car-loan-calculators/auto-loan-calculator/,https://calchowmuch.com/calculators/car-loan-calculators/auto-loan-calculator/,0,0,0,0,0,0,0,0,[],[],[],,,,OK,UNCHANGED
public/calculators/car-loan-calculators/car-lease-calculator/index.html,/calculators/car-loan-calculators/car-lease-calculator/,https://calchowmuch.com/calculators/car-loan-calculators/car-lease-calculator/,0,0,0,0,0,0,0,0,[],[],[],,,,OK,UNCHANGED
public/calculators/car-loan-calculators/car-loan-calculator/index.html,/calculators/car-loan-calculators/car-loan-calculator/,https://calchowmuch.com/calculators/car-loan-calculators/car-loan-calculator/,0,0,0,0,0,0,0,0,[],[],[],,,,OK,UNCHANGED
public/calculators/car-loan-calculators/hire-purchase-calculator/index.html,/calculators/car-loan-calculators/hire-purchase-calculator/,https://calchowmuch.com/calculators/car-loan-calculators/hire-purchase-calculator/,0,0,0,0,0,0,0,0,[],[],[],,,,OK,UNCHANGED
public/calculators/car-loan-calculators/pcp-calculator/index.html,/calculators/car-loan-calculators/pcp-calculator/,https://calchowmuch.com/calculators/car-loan-calculators/pcp-calculator/,0,0,0,0,0,0,0,0,[],[],[],,,,OK,UNCHANGED
public/calculators/credit-card-calculators/balance-transfer-credit-card-calculator/index.html,/calculators/credit-card-calculators/balance-transfer-credit-card-calculator/,https://calchowmuch.com/calculators/credit-card-calculators/balance-transfer-credit-card-calculator/,0,0,0,0,0,0,0,0,[],[],[],,,,OK,UNCHANGED
public/calculators/credit-card-calculators/credit-card-consolidation-calculator/index.html,/calculators/credit-card-calculators/credit-card-consolidation-calculator/,https://calchowmuch.com/calculators/credit-card-calculators/credit-card-consolidation-calculator/,0,0,0,0,0,0,0,0,[],[],[],,,,OK,UNCHANGED
public/calculators/credit-card-calculators/credit-card-minimum-payment-calculator/index.html,/calculators/credit-card-calculators/credit-card-minimum-payment-calculator/,https://calchowmuch.com/calculators/credit-card-calculators/credit-card-minimum-payment-calculator/,0,0,0,0,0,0,0,0,[],[],[],,,,OK,UNCHANGED
public/calculators/credit-card-calculators/credit-card-payment-calculator/index.html,/calculators/credit-card-calculators/credit-card-payment-calculator/,https://calchowmuch.com/calculators/credit-card-calculators/credit-card-payment-calculator/,0,0,0,0,0,0,0,0,[],[],[],,,,OK,UNCHANGED
public/calculators/finance/savings-goal/index.html,/calculators/finance/savings-goal/,https://calchowmuch.com/calculators/finance/savings-goal/,0,0,0,0,0,0,0,0,[],[],[],,,,OK,UNCHANGED
public/calculators/index.html,/calculators/,https://calchowmuch.com/calculators/,0,0,0,0,0,0,0,0,[],[],[],,,,OK,UNCHANGED
public/calculators/loan-calculators/buy-to-let-mortgage-calculator/index.html,/calculators/loan-calculators/buy-to-let-mortgage-calculator/,https://calchowmuch.com/calculators/loan-calculators/buy-to-let-mortgage-calculator/,0,0,0,0,0,0,0,0,[],[],[],,,,OK,UNCHANGED
public/calculators/loan-calculators/how-much-can-i-borrow/index.html,/calculators/loan-calculators/how-much-can-i-borrow/,https://calchowmuch.com/calculators/loan-calculators/how-much-can-i-borrow/,0,0,0,0,0,0,0,0,[],[],[],,,,OK,UNCHANGED
public/calculators/loan-calculators/interest-rate-change-calculator/index.html,/calculators/loan-calculators/interest-rate-change-calculator/,https://calchowmuch.com/calculators/loan-calculators/interest-rate-change-calculator/,0,0,0,0,0,0,0,0,[],[],[],,,,OK,UNCHANGED
public/calculators/loan-calculators/ltv-calculator/index.html,/calculators/loan-calculators/ltv-calculator/,https://calchowmuch.com/calculators/loan-calculators/ltv-calculator/,0,0,0,0,0,0,0,0,[],[],[],,,,OK,UNCHANGED
public/calculators/loan-calculators/mortgage-calculator/index.html,/calculators/loan-calculators/mortgage-calculator/,https://calchowmuch.com/calculators/loan-calculators/mortgage-calculator/,0,0,0,0,0,0,0,0,[],[],[],,,,OK,UNCHANGED
public/calculators/loan-calculators/offset-mortgage-calculator/index.html,/calculators/loan-calculators/offset-mortgage-calculator/,https://calchowmuch.com/calculators/loan-calculators/offset-mortgage-calculator/,0,0,0,0,0,0,0,0,[],[],[],,,,OK,UNCHANGED
public/calculators/loan-calculators/personal-loan-calculator/index.html,/calculators/loan-calculators/personal-loan-calculator/,https://calchowmuch.com/calculators/loan-calculators/personal-loan-calculator/,0,0,0,0,0,0,0,0,[],[],[],,,,OK,UNCHANGED
public/calculators/loan-calculators/remortgage-calculator/index.html,/calculators/loan-calculators/remortgage-calculator/,https://calchowmuch.com/calculators/loan-calculators/remortgage-calculator/,0,0,0,0,0,0,0,0,[],[],[],,,,OK,UNCHANGED
public/calculators/math/algebra/factoring/index.html,/calculators/math/algebra/factoring/,https://calchowmuch.com/calculators/math/algebra/factoring/,1,0,1,0,0,1,0,0,[0],[],[],What types of factoring methods are included? | Can this factor expressions with decimal coefficients?,,,OK,UNCHANGED
public/calculators/math/algebra/polynomial-operations/index.html,/calculators/math/algebra/polynomial-operations/,https://calchowmuch.com/calculators/math/algebra/polynomial-operations/,1,0,1,0,0,1,0,0,[0],[],[],Which operations are supported? | How are like terms handled in addition and subtraction?,,,OK,UNCHANGED
public/calculators/math/algebra/quadratic-equation/index.html,/calculators/math/algebra/quadratic-equation/,https://calchowmuch.com/calculators/math/algebra/quadratic-equation/,1,0,1,0,0,1,0,0,[0],[],[],What happens if a is zero? | Why do I sometimes get two answers?,,,OK,UNCHANGED
public/calculators/math/algebra/slope-distance/index.html,/calculators/math/algebra/slope-distance/,https://calchowmuch.com/calculators/math/algebra/slope-distance/,1,0,1,0,0,1,0,0,[0],[],[],What does slope represent between two points? | Why is slope undefined for vertical lines?,,,OK,UNCHANGED
public/calculators/math/algebra/system-of-equations/index.html,/calculators/math/algebra/system-of-equations/,https://calchowmuch.com/calculators/math/algebra/system-of-equations/,1,0,1,0,0,1,0,0,[0],[],[],What system sizes are supported? | What methods can I choose?,,,OK,UNCHANGED
public/calculators/math/basic/index.html,/calculators/math/basic/,https://calchowmuch.com/calculators/math/basic/,0,0,0,0,0,0,0,0,[],[],[],,,,OK,UNCHANGED
public/calculators/math/calculus/critical-points/index.html,/calculators/math/calculus/critical-points/,https://calchowmuch.com/calculators/math/calculus/critical-points/,0,0,0,0,0,0,0,0,[],[],[],,,,OK,UNCHANGED
public/calculators/math/calculus/derivative/index.html,/calculators/math/calculus/derivative/,https://calchowmuch.com/calculators/math/calculus/derivative/,0,0,0,0,0,0,0,0,[],[],[],,,,OK,UNCHANGED
public/calculators/math/calculus/integral/index.html,/calculators/math/calculus/integral/,https://calchowmuch.com/calculators/math/calculus/integral/,0,0,0,0,0,0,0,0,[],[],[],,,,OK,UNCHANGED
public/calculators/math/calculus/limit/index.html,/calculators/math/calculus/limit/,https://calchowmuch.com/calculators/math/calculus/limit/,0,0,0,0,0,0,0,0,[],[],[],,,,OK,UNCHANGED
public/calculators/math/calculus/series-convergence/index.html,/calculators/math/calculus/series-convergence/,https://calchowmuch.com/calculators/math/calculus/series-convergence/,0,0,0,0,0,0,0,0,[],[],[],,,,OK,UNCHANGED
public/calculators/math/confidence-interval/index.html,/calculators/math/confidence-interval/,https://calchowmuch.com/calculators/math/confidence-interval/,0,0,0,0,0,0,0,0,[],[],[],,,,OK,UNCHANGED
public/calculators/math/fraction-calculator/index.html,/calculators/math/fraction-calculator/,https://calchowmuch.com/calculators/math/fraction-calculator/,0,0,0,0,0,0,0,0,[],[],[],,,,OK,UNCHANGED
public/calculators/math/log/common-log/index.html,/calculators/math/log/common-log/,https://calchowmuch.com/calculators/math/log/common-log/,0,0,0,0,0,0,0,0,[],[],[],,,,OK,UNCHANGED
public/calculators/math/log/exponential-equations/index.html,/calculators/math/log/exponential-equations/,https://calchowmuch.com/calculators/math/log/exponential-equations/,0,0,0,0,0,0,0,0,[],[],[],,,,OK,UNCHANGED
public/calculators/math/log/log-properties/index.html,/calculators/math/log/log-properties/,https://calchowmuch.com/calculators/math/log/log-properties/,0,0,0,0,0,0,0,0,[],[],[],,,,OK,UNCHANGED
public/calculators/math/log/log-scale/index.html,/calculators/math/log/log-scale/,https://calchowmuch.com/calculators/math/log/log-scale/,0,0,0,0,0,0,0,0,[],[],[],,,,OK,UNCHANGED
public/calculators/math/log/natural-log/index.html,/calculators/math/log/natural-log/,https://calchowmuch.com/calculators/math/log/natural-log/,0,0,0,0,0,0,0,0,[],[],[],,,,OK,UNCHANGED
public/calculators/math/mean-median-mode-range/index.html,/calculators/math/mean-median-mode-range/,https://calchowmuch.com/calculators/math/mean-median-mode-range/,0,0,0,0,0,0,0,0,[],[],[],,,,OK,UNCHANGED
public/calculators/math/number-sequence/index.html,/calculators/math/number-sequence/,https://calchowmuch.com/calculators/math/number-sequence/,0,0,0,0,0,0,0,0,[],[],[],,,,OK,UNCHANGED
public/calculators/math/percentage-increase/index.html,/calculators/math/percentage-increase/,https://calchowmuch.com/calculators/math/percentage-increase/,0,0,0,0,0,0,0,0,[],[],[],,,,OK,UNCHANGED
public/calculators/math/permutation-combination/index.html,/calculators/math/permutation-combination/,https://calchowmuch.com/calculators/math/permutation-combination/,0,0,0,0,0,0,0,0,[],[],[],,,,OK,UNCHANGED
public/calculators/math/probability/index.html,/calculators/math/probability/,https://calchowmuch.com/calculators/math/probability/,0,0,0,0,0,0,0,0,[],[],[],,,,OK,UNCHANGED
public/calculators/math/sample-size/index.html,/calculators/math/sample-size/,https://calchowmuch.com/calculators/math/sample-size/,0,0,0,0,0,0,0,0,[],[],[],,,,OK,UNCHANGED
public/calculators/math/standard-deviation/index.html,/calculators/math/standard-deviation/,https://calchowmuch.com/calculators/math/standard-deviation/,0,0,0,0,0,0,0,0,[],[],[],,,,OK,UNCHANGED
public/calculators/math/statistics/anova/index.html,/calculators/math/statistics/anova/,https://calchowmuch.com/calculators/math/statistics/anova/,0,0,0,0,0,0,0,0,[],[],[],,,,OK,UNCHANGED
public/calculators/math/statistics/correlation/index.html,/calculators/math/statistics/correlation/,https://calchowmuch.com/calculators/math/statistics/correlation/,0,0,0,0,0,0,0,0,[],[],[],,,,OK,UNCHANGED
public/calculators/math/statistics/distribution/index.html,/calculators/math/statistics/distribution/,https://calchowmuch.com/calculators/math/statistics/distribution/,0,0,0,0,0,0,0,0,[],[],[],,,,OK,UNCHANGED
public/calculators/math/statistics/hypothesis-testing/index.html,/calculators/math/statistics/hypothesis-testing/,https://calchowmuch.com/calculators/math/statistics/hypothesis-testing/,0,0,0,0,0,0,0,0,[],[],[],,,,OK,UNCHANGED
public/calculators/math/statistics/index.html,/calculators/math/statistics/,https://calchowmuch.com/calculators/math/statistics/,0,0,0,0,0,0,0,0,[],[],[],,,,OK,UNCHANGED
public/calculators/math/statistics/regression-analysis/index.html,/calculators/math/statistics/regression-analysis/,https://calchowmuch.com/calculators/math/statistics/regression-analysis/,0,0,0,0,0,0,0,0,[],[],[],,,,OK,UNCHANGED
public/calculators/math/trigonometry/inverse-trig/index.html,/calculators/math/trigonometry/inverse-trig/,https://calchowmuch.com/calculators/math/trigonometry/inverse-trig/,0,0,0,0,0,0,0,0,[],[],[],,,,OK,UNCHANGED
public/calculators/math/trigonometry/law-of-sines-cosines/index.html,/calculators/math/trigonometry/law-of-sines-cosines/,https://calchowmuch.com/calculators/math/trigonometry/law-of-sines-cosines/,0,0,0,0,0,0,0,0,[],[],[],,,,OK,UNCHANGED
public/calculators/math/trigonometry/triangle-solver/index.html,/calculators/math/trigonometry/triangle-solver/,https://calchowmuch.com/calculators/math/trigonometry/triangle-solver/,0,0,0,0,0,0,0,0,[],[],[],,,,OK,UNCHANGED
public/calculators/math/trigonometry/trig-functions/index.html,/calculators/math/trigonometry/trig-functions/,https://calchowmuch.com/calculators/math/trigonometry/trig-functions/,0,0,0,0,0,0,0,0,[],[],[],,,,OK,UNCHANGED
public/calculators/math/trigonometry/unit-circle/index.html,/calculators/math/trigonometry/unit-circle/,https://calchowmuch.com/calculators/math/trigonometry/unit-circle/,0,0,0,0,0,0,0,0,[],[],[],,,,OK,UNCHANGED
public/calculators/math/z-score/index.html,/calculators/math/z-score/,https://calchowmuch.com/calculators/math/z-score/,0,0,0,0,0,0,0,0,[],[],[],,,,OK,UNCHANGED
public/calculators/percentage-calculators/commission-calculator/index.html,/calculators/percentage-calculators/commission-calculator/,https://calchowmuch.com/calculators/percentage-calculators/commission-calculator/,0,0,0,0,0,0,0,0,[],[],[],,,,OK,UNCHANGED
public/calculators/percentage-calculators/discount-calculator/index.html,/calculators/percentage-calculators/discount-calculator/,https://calchowmuch.com/calculators/percentage-calculators/discount-calculator/,0,0,0,0,0,0,0,0,[],[],[],,,,OK,UNCHANGED
public/calculators/percentage-calculators/margin-calculator/index.html,/calculators/percentage-calculators/margin-calculator/,https://calchowmuch.com/calculators/percentage-calculators/margin-calculator/,0,0,0,0,0,0,0,0,[],[],[],,,,OK,UNCHANGED
public/calculators/percentage-calculators/markup-calculator/index.html,/calculators/percentage-calculators/markup-calculator/,https://calchowmuch.com/calculators/percentage-calculators/markup-calculator/,0,0,0,0,0,0,0,0,[],[],[],,,,OK,UNCHANGED
public/calculators/percentage-calculators/percent-change-calculator/index.html,/calculators/percentage-calculators/percent-change-calculator/,https://calchowmuch.com/calculators/percentage-calculators/percent-change-calculator/,0,0,0,0,0,0,0,0,[],[],[],,,,OK,UNCHANGED
public/calculators/percentage-calculators/percent-to-fraction-decimal-calculator/index.html,/calculators/percentage-calculators/percent-to-fraction-decimal-calculator/,https://calchowmuch.com/calculators/percentage-calculators/percent-to-fraction-decimal-calculator/,0,0,0,0,0,0,0,0,[],[],[],,,,OK,UNCHANGED
public/calculators/percentage-calculators/percentage-composition-calculator/index.html,/calculators/percentage-calculators/percentage-composition-calculator/,https://calchowmuch.com/calculators/percentage-calculators/percentage-composition-calculator/,0,0,0,0,0,0,0,0,[],[],[],,,,OK,UNCHANGED
public/calculators/percentage-calculators/percentage-decrease-calculator/index.html,/calculators/percentage-calculators/percentage-decrease-calculator/,https://calchowmuch.com/calculators/percentage-calculators/percentage-decrease-calculator/,0,0,0,0,0,0,0,0,[],[],[],,,,OK,UNCHANGED
public/calculators/percentage-calculators/percentage-difference-calculator/index.html,/calculators/percentage-calculators/percentage-difference-calculator/,https://calchowmuch.com/calculators/percentage-calculators/percentage-difference-calculator/,0,0,0,0,0,0,0,0,[],[],[],,,,OK,UNCHANGED
public/calculators/percentage-calculators/percentage-finder-calculator/index.html,/calculators/percentage-calculators/percentage-finder-calculator/,https://calchowmuch.com/calculators/percentage-calculators/percentage-finder-calculator/,0,0,0,0,0,0,0,0,[],[],[],,,,OK,UNCHANGED
public/calculators/percentage-calculators/percentage-increase-calculator/index.html,/calculators/percentage-calculators/percentage-increase-calculator/,https://calchowmuch.com/calculators/percentage-calculators/percentage-increase-calculator/,0,0,0,0,0,0,0,0,[],[],[],,,,OK,UNCHANGED
public/calculators/percentage-calculators/percentage-of-a-number-calculator/index.html,/calculators/percentage-calculators/percentage-of-a-number-calculator/,https://calchowmuch.com/calculators/percentage-calculators/percentage-of-a-number-calculator/,0,0,0,0,0,0,0,0,[],[],[],,,,OK,UNCHANGED
public/calculators/percentage-calculators/reverse-percentage-calculator/index.html,/calculators/percentage-calculators/reverse-percentage-calculator/,https://calchowmuch.com/calculators/percentage-calculators/reverse-percentage-calculator/,0,0,0,0,0,0,0,0,[],[],[],,,,OK,UNCHANGED
public/calculators/time-and-date/age-calculator/index.html,/calculators/time-and-date/age-calculator/,https://calchowmuch.com/calculators/time-and-date/age-calculator/,0,0,0,0,0,0,0,0,[],[],[],,,,OK,UNCHANGED
public/calculators/time-and-date/birthday-day-of-week/index.html,/calculators/time-and-date/birthday-day-of-week/,https://calchowmuch.com/calculators/time-and-date/birthday-day-of-week/,0,0,0,0,0,0,0,0,[],[],[],,,,OK,UNCHANGED
public/calculators/time-and-date/countdown-timer-generator/index.html,/calculators/time-and-date/countdown-timer-generator/,https://calchowmuch.com/calculators/time-and-date/countdown-timer-generator/,0,0,0,0,0,0,0,0,[],[],[],,,,OK,UNCHANGED
public/calculators/time-and-date/days-until-a-date-calculator/index.html,/calculators/time-and-date/days-until-a-date-calculator/,https://calchowmuch.com/calculators/time-and-date/days-until-a-date-calculator/,0,0,0,0,0,0,0,0,[],[],[],,,,OK,UNCHANGED
public/calculators/time-and-date/energy-based-nap-selector/index.html,/calculators/time-and-date/energy-based-nap-selector/,https://calchowmuch.com/calculators/time-and-date/energy-based-nap-selector/,0,0,0,0,0,0,0,0,[],[],[],,,,OK,UNCHANGED
public/calculators/time-and-date/nap-time-calculator/index.html,/calculators/time-and-date/nap-time-calculator/,https://calchowmuch.com/calculators/time-and-date/nap-time-calculator/,0,0,0,0,0,0,0,0,[],[],[],,,,OK,UNCHANGED
public/calculators/time-and-date/overtime-hours-calculator/index.html,/calculators/time-and-date/overtime-hours-calculator/,https://calchowmuch.com/calculators/time-and-date/overtime-hours-calculator/,0,0,0,0,0,0,0,0,[],[],[],,,,OK,UNCHANGED
public/calculators/time-and-date/power-nap-calculator/index.html,/calculators/time-and-date/power-nap-calculator/,https://calchowmuch.com/calculators/time-and-date/power-nap-calculator/,0,0,0,0,0,0,0,0,[],[],[],,,,OK,UNCHANGED
public/calculators/time-and-date/sleep-time-calculator/index.html,/calculators/time-and-date/sleep-time-calculator/,https://calchowmuch.com/calculators/time-and-date/sleep-time-calculator/,0,0,0,0,0,0,0,0,[],[],[],,,,OK,UNCHANGED
public/calculators/time-and-date/time-between-two-dates-calculator/index.html,/calculators/time-and-date/time-between-two-dates-calculator/,https://calchowmuch.com/calculators/time-and-date/time-between-two-dates-calculator/,0,0,0,0,0,0,0,0,[],[],[],,,,OK,UNCHANGED
public/calculators/time-and-date/wake-up-time-calculator/index.html,/calculators/time-and-date/wake-up-time-calculator/,https://calchowmuch.com/calculators/time-and-date/wake-up-time-calculator/,0,0,0,0,0,0,0,0,[],[],[],,,,OK,UNCHANGED
public/calculators/time-and-date/work-hours-calculator/index.html,/calculators/time-and-date/work-hours-calculator/,https://calchowmuch.com/calculators/time-and-date/work-hours-calculator/,0,0,0,0,0,0,0,0,[],[],[],,,,OK,UNCHANGED
public/car-loan-calculators/auto-loan-calculator/index.html,/car-loan-calculators/auto-loan-calculator/,https://calchowmuch.com/car-loan-calculators/auto-loan-calculator/,1,0,0,1,1,0,1,1,[],[0],[0],,Home > Car Loan Calculators > Auto Loan Comparison Calculator,Auto Loan Comparison Calculator (FinanceApplication),OK,UNCHANGED
public/car-loan-calculators/car-lease-calculator/index.html,/car-loan-calculators/car-lease-calculator/,https://calchowmuch.com/car-loan-calculators/car-lease-calculator/,1,0,0,1,1,0,1,1,[],[0],[0],,Home > Car Loan Calculators > Car Lease Calculator,Car Lease Calculator (FinanceApplication),OK,UNCHANGED
public/car-loan-calculators/car-loan-calculator/index.html,/car-loan-calculators/car-loan-calculator/,https://calchowmuch.com/car-loan-calculators/car-loan-calculator/,1,0,0,1,1,0,1,1,[],[0],[0],,Home > Car Loan Calculators > Car Loan Calculator,Car Loan Calculator (FinanceApplication),OK,UNCHANGED
public/car-loan-calculators/hire-purchase-calculator/index.html,/car-loan-calculators/hire-purchase-calculator/,https://calchowmuch.com/car-loan-calculators/hire-purchase-calculator/,1,0,0,1,1,0,1,1,[],[0],[0],,Home > Car Loan Calculators > Hire Purchase Calculator,Hire Purchase Calculator (FinanceApplication),OK,UNCHANGED
public/car-loan-calculators/pcp-calculator/index.html,/car-loan-calculators/pcp-calculator/,https://calchowmuch.com/car-loan-calculators/pcp-calculator/,1,0,0,1,1,0,1,1,[],[0],[0],,Home > Car Loan Calculators > PCP Car Finance Calculator,PCP Car Finance Calculator (FinanceApplication),OK,UNCHANGED
public/contact-us/index.html,/contact-us/,https://calchowmuch.com/contact-us/,0,0,0,0,0,0,0,0,[],[],[],,,,OK,UNCHANGED
public/credit-card-calculators/balance-transfer-credit-card-calculator/index.html,/credit-card-calculators/balance-transfer-credit-card-calculator/,https://calchowmuch.com/credit-card-calculators/balance-transfer-credit-card-calculator/,1,0,0,1,1,0,1,1,[],[0],[0],,Home > Credit Card Calculators > Balance Transfer Credit Card Calculator,Balance Transfer Credit Card Calculator (FinanceApplication),OK,UNCHANGED
public/credit-card-calculators/credit-card-consolidation-calculator/index.html,/credit-card-calculators/credit-card-consolidation-calculator/,https://calchowmuch.com/credit-card-calculators/credit-card-consolidation-calculator/,1,0,0,1,1,0,1,1,[],[0],[0],,Home > Credit Card Calculators > Credit Card Consolidation Calculator,Credit Card Consolidation Calculator (FinanceApplication),OK,UNCHANGED
public/credit-card-calculators/credit-card-minimum-payment-calculator/index.html,/credit-card-calculators/credit-card-minimum-payment-calculator/,https://calchowmuch.com/credit-card-calculators/credit-card-minimum-payment-calculator/,1,0,0,1,1,0,1,1,[],[0],[0],,Home > Credit Card Calculators > Credit Card Minimum Payment Calculator,Credit Card Minimum Payment Calculator (FinanceApplication),OK,UNCHANGED
public/credit-card-calculators/credit-card-payment-calculator/index.html,/credit-card-calculators/credit-card-payment-calculator/,https://calchowmuch.com/credit-card-calculators/credit-card-payment-calculator/,1,0,0,1,1,0,1,1,[],[0],[0],,Home > Credit Card Calculators > Credit Card Payment Calculator,Credit Card Payment Calculator (FinanceApplication),OK,UNCHANGED
public/faq/index.html,/faq/,https://calchowmuch.com/faq/,1,0,1,0,0,1,0,0,[0],[],[],Are the calculators free to use? | Do I need to sign up to use the calculators?,,,OK,UNCHANGED
public/finance-calculators/compound-interest-calculator/index.html,/finance-calculators/compound-interest-calculator/,https://calchowmuch.com/finance-calculators/compound-interest-calculator/,1,0,1,1,1,1,1,1,[0],[0],[0],What is compound interest? | What is the compound interest formula?,Home > Home Loan > Compound Interest,Compound Interest Calculator (FinanceApplication),OK,UNCHANGED
public/finance-calculators/effective-annual-rate-calculator/index.html,/finance-calculators/effective-annual-rate-calculator/,https://calchowmuch.com/finance-calculators/effective-annual-rate-calculator/,1,0,1,1,1,1,1,1,[0],[0],[0],What is the Effective Annual Rate? | How is EAR different from a nominal rate?,Home > Home Loan > Effective Annual Rate,Effective Annual Rate Calculator (FinanceApplication),OK,UNCHANGED
public/finance-calculators/future-value-calculator/index.html,/finance-calculators/future-value-calculator/,https://calchowmuch.com/finance-calculators/future-value-calculator/,1,0,1,1,1,1,1,1,[0],[0],[0],What is future value (FV)? | How is future value different from present value?,Home > Home Loan > Future Value (FV),Future Value (FV) Calculator (FinanceApplication),OK,UNCHANGED
public/finance-calculators/future-value-of-annuity-calculator/index.html,/finance-calculators/future-value-of-annuity-calculator/,https://calchowmuch.com/finance-calculators/future-value-of-annuity-calculator/,1,0,1,1,1,1,1,1,[0],[0],[0],What is the future value of an annuity? | What is the difference between ordinary annuity and annuity due?,Home > Home Loan > Future Value of Annuity,Future Value of Annuity Calculator (FinanceApplication),OK,UNCHANGED
public/finance-calculators/investment-growth-calculator/index.html,/finance-calculators/investment-growth-calculator/,https://calchowmuch.com/finance-calculators/investment-growth-calculator/,1,0,1,1,1,1,1,1,[0],[0],[0],What is an investment growth calculator? | How do you calculate investment growth over time?,Home > Home Loan > Investment Growth,Investment Growth Calculator (FinanceApplication),OK,UNCHANGED
public/finance-calculators/investment-return-calculator/index.html,/finance-calculators/investment-return-calculator/,https://calchowmuch.com/finance-calculators/investment-return-calculator/,1,0,1,1,1,1,1,1,[0],[0],[0],How is investment return calculated here? | Can I model both lump sum and regular deposits?,Home > Home Loan > Investment Return,Investment Return Calculator (FinanceApplication),OK,UNCHANGED
public/finance-calculators/monthly-savings-needed-calculator/index.html,/finance-calculators/monthly-savings-needed-calculator/,https://calchowmuch.com/finance-calculators/monthly-savings-needed-calculator/,1,0,1,1,1,1,1,1,[0],[0],[0],"How much do I need to save each month to reach 25,000 in 3 years? | Does interest reduce the required monthly savings amount?",Home > Home Loan > Monthly Savings Needed,Monthly Savings Needed Calculator (FinanceApplication),OK,UNCHANGED
public/finance-calculators/present-value-calculator/index.html,/finance-calculators/present-value-calculator/,https://calchowmuch.com/finance-calculators/present-value-calculator/,1,0,1,1,1,1,1,1,[0],[0],[0],What is present value (PV)? | Why is present value lower than future value?,Home > Home Loan > Present Value (PV),Present Value (PV) Calculator (FinanceApplication),OK,UNCHANGED
public/finance-calculators/present-value-of-annuity-calculator/index.html,/finance-calculators/present-value-of-annuity-calculator/,https://calchowmuch.com/finance-calculators/present-value-of-annuity-calculator/,1,0,1,1,1,1,1,1,[0],[0],[0],What is the present value of an annuity? | What is the difference between ordinary annuity and annuity due?,Home > Home Loan > Present Value of Annuity,Present Value of Annuity Calculator (FinanceApplication),OK,UNCHANGED
public/finance-calculators/simple-interest-calculator/index.html,/finance-calculators/simple-interest-calculator/,https://calchowmuch.com/finance-calculators/simple-interest-calculator/,1,0,1,1,1,1,1,1,[0],[0],[0],What is simple interest? | What is the simple interest formula?,Home > Home Loan > Simple Interest,Simple Interest Calculator (FinanceApplication),OK,UNCHANGED
public/finance-calculators/time-to-savings-goal-calculator/index.html,/finance-calculators/time-to-savings-goal-calculator/,https://calchowmuch.com/finance-calculators/time-to-savings-goal-calculator/,1,0,1,1,1,1,1,1,[0],[0],[0],What is a savings goal calculator? | How do I calculate how much to save per month?,Home > Home Loan > Time to Savings Goal,Time to Savings Goal Calculator (FinanceApplication),OK,UNCHANGED
public/index.html,/,https://calchowmuch.com/,1,0,0,0,0,0,0,0,[],[],[],,,,OK,UNCHANGED
public/loan-calculators/buy-to-let-mortgage-calculator/index.html,/loan-calculators/buy-to-let-mortgage-calculator/,https://calchowmuch.com/loan-calculators/buy-to-let-mortgage-calculator/,1,0,1,1,1,1,1,1,[0],[0],[0],What is a buy-to-let mortgage? | How does a buy-to-let mortgage work?,Home > Home Loan > Buy-to-Let Calculator,Buy-to-Let Calculator (FinanceApplication),OK,UNCHANGED
public/loan-calculators/how-much-can-i-borrow/index.html,/loan-calculators/how-much-can-i-borrow/,https://calchowmuch.com/loan-calculators/how-much-can-i-borrow/,1,0,1,1,1,1,1,1,[0],[0],[0],Is this a guaranteed amount I can borrow? | Why is my borrowing less than 5x my income?,Home > Home Loan > How Much Can I Borrow,How Much Can I Borrow Calculator (FinanceApplication),OK,UNCHANGED
public/loan-calculators/interest-rate-change-calculator/index.html,/loan-calculators/interest-rate-change-calculator/,https://calchowmuch.com/loan-calculators/interest-rate-change-calculator/,1,0,1,1,1,1,1,1,[0],[0],[0],What does this calculator compare? | Why can small rate moves matter so much?,Home > Home Loan > Interest Rate Change Calculator,Interest Rate Change Calculator (FinanceApplication),OK,UNCHANGED
public/loan-calculators/ltv-calculator/index.html,/loan-calculators/ltv-calculator/,https://calchowmuch.com/loan-calculators/ltv-calculator/,1,0,1,1,1,1,1,1,[0],[0],[0],Home Loan Calculator | Remortgage Calculator,Home > Home Loan > Loan-to-Value (LTV) Calculator,Loan-to-Value (LTV) Calculator (FinanceApplication),OK,UNCHANGED
public/loan-calculators/mortgage-calculator/index.html,/loan-calculators/mortgage-calculator/,https://calchowmuch.com/loan-calculators/mortgage-calculator/,1,0,1,1,1,1,1,1,[0],[0],[0],What is a home loan? | How much can I borrow for a home loan?,Home > Loans > Home Loan,Home Loan Calculator (FinanceApplication),OK,UNCHANGED
public/loan-calculators/offset-mortgage-calculator/index.html,/loan-calculators/offset-mortgage-calculator/,https://calchowmuch.com/loan-calculators/offset-mortgage-calculator/,1,0,1,1,1,1,1,1,[0],[0],[0],What does an offset account do? | Why does the payment stay the same in this model?,Home > Home Loan > Offset Calculator,Offset Calculator (FinanceApplication),OK,UNCHANGED
public/loan-calculators/personal-loan-calculator/index.html,/loan-calculators/personal-loan-calculator/,https://calchowmuch.com/loan-calculators/personal-loan-calculator/,1,0,1,1,1,1,1,1,[0],[0],[0],Is this payment guaranteed by lenders? | What does APR include in this calculator?,Home > Home Loan > Personal Loan Calculator,Personal Loan Calculator (FinanceApplication),OK,UNCHANGED
public/loan-calculators/remortgage-calculator/index.html,/loan-calculators/remortgage-calculator/,https://calchowmuch.com/loan-calculators/remortgage-calculator/,1,0,1,1,1,1,1,1,[0],[0],[0],What does this remortgage comparison show? | Why is horizon length important?,Home > Home Loan > Remortgage / Switching,Remortgage Calculator (Switching) (FinanceApplication),OK,UNCHANGED
public/math/algebra/factoring/index.html,/math/algebra/factoring/,https://calchowmuch.com/math/algebra/factoring/,1,0,1,0,0,1,0,0,[0],[],[],What types of factoring methods are included? | Can this factor expressions with decimal coefficients?,,,OK,UNCHANGED
public/math/algebra/polynomial-operations/index.html,/math/algebra/polynomial-operations/,https://calchowmuch.com/math/algebra/polynomial-operations/,1,0,1,0,0,1,0,0,[0],[],[],Which operations are supported? | How are like terms handled in addition and subtraction?,,,OK,UNCHANGED
public/math/algebra/quadratic-equation/index.html,/math/algebra/quadratic-equation/,https://calchowmuch.com/math/algebra/quadratic-equation/,1,0,1,0,0,1,0,0,[0],[],[],What happens if a is zero? | Why do I sometimes get two answers?,,,OK,UNCHANGED
public/math/algebra/slope-distance/index.html,/math/algebra/slope-distance/,https://calchowmuch.com/math/algebra/slope-distance/,1,0,1,0,0,1,0,0,[0],[],[],What does slope represent between two points? | Why is slope undefined for vertical lines?,,,OK,UNCHANGED
public/math/algebra/system-of-equations/index.html,/math/algebra/system-of-equations/,https://calchowmuch.com/math/algebra/system-of-equations/,1,0,1,0,0,1,0,0,[0],[],[],What system sizes are supported? | What methods can I choose?,,,OK,UNCHANGED
public/math/basic/index.html,/math/basic/,https://calchowmuch.com/math/basic/,0,0,0,0,0,0,0,0,[],[],[],,,,OK,UNCHANGED
public/math/calculus/critical-points/index.html,/math/calculus/critical-points/,https://calchowmuch.com/math/calculus/critical-points/,0,0,0,0,0,0,0,0,[],[],[],,,,OK,UNCHANGED
public/math/calculus/derivative/index.html,/math/calculus/derivative/,https://calchowmuch.com/math/calculus/derivative/,0,0,0,0,0,0,0,0,[],[],[],,,,OK,UNCHANGED
public/math/calculus/integral/index.html,/math/calculus/integral/,https://calchowmuch.com/math/calculus/integral/,0,0,0,0,0,0,0,0,[],[],[],,,,OK,UNCHANGED
public/math/calculus/limit/index.html,/math/calculus/limit/,https://calchowmuch.com/math/calculus/limit/,0,0,0,0,0,0,0,0,[],[],[],,,,OK,UNCHANGED
public/math/calculus/series-convergence/index.html,/math/calculus/series-convergence/,https://calchowmuch.com/math/calculus/series-convergence/,0,0,0,0,0,0,0,0,[],[],[],,,,OK,UNCHANGED
public/math/confidence-interval/index.html,/math/confidence-interval/,https://calchowmuch.com/math/confidence-interval/,0,0,0,0,0,0,0,0,[],[],[],,,,OK,UNCHANGED
public/math/fraction-calculator/index.html,/math/fraction-calculator/,https://calchowmuch.com/math/fraction-calculator/,1,0,0,1,1,0,1,1,[],[0],[0],,Home > Math > Fraction Calculator,Fraction Calculator (FinanceApplication),OK,UNCHANGED
public/math/log/common-log/index.html,/math/log/common-log/,https://calchowmuch.com/math/log/common-log/,0,0,0,0,0,0,0,0,[],[],[],,,,OK,UNCHANGED
public/math/log/exponential-equations/index.html,/math/log/exponential-equations/,https://calchowmuch.com/math/log/exponential-equations/,0,0,0,0,0,0,0,0,[],[],[],,,,OK,UNCHANGED
public/math/log/log-properties/index.html,/math/log/log-properties/,https://calchowmuch.com/math/log/log-properties/,0,0,0,0,0,0,0,0,[],[],[],,,,OK,UNCHANGED
public/math/log/log-scale/index.html,/math/log/log-scale/,https://calchowmuch.com/math/log/log-scale/,0,0,0,0,0,0,0,0,[],[],[],,,,OK,UNCHANGED
public/math/log/natural-log/index.html,/math/log/natural-log/,https://calchowmuch.com/math/log/natural-log/,0,0,0,0,0,0,0,0,[],[],[],,,,OK,UNCHANGED
public/math/mean-median-mode-range/index.html,/math/mean-median-mode-range/,https://calchowmuch.com/math/mean-median-mode-range/,0,0,0,0,0,0,0,0,[],[],[],,,,OK,UNCHANGED
public/math/number-sequence/index.html,/math/number-sequence/,https://calchowmuch.com/math/number-sequence/,0,0,0,0,0,0,0,0,[],[],[],,,,OK,UNCHANGED
public/math/permutation-combination/index.html,/math/permutation-combination/,https://calchowmuch.com/math/permutation-combination/,0,0,0,0,0,0,0,0,[],[],[],,,,OK,UNCHANGED
public/math/probability/index.html,/math/probability/,https://calchowmuch.com/math/probability/,0,0,0,0,0,0,0,0,[],[],[],,,,OK,UNCHANGED
public/math/sample-size/index.html,/math/sample-size/,https://calchowmuch.com/math/sample-size/,0,0,0,0,0,0,0,0,[],[],[],,,,OK,UNCHANGED
public/math/standard-deviation/index.html,/math/standard-deviation/,https://calchowmuch.com/math/standard-deviation/,0,0,0,0,0,0,0,0,[],[],[],,,,OK,UNCHANGED
public/math/statistics/anova/index.html,/math/statistics/anova/,https://calchowmuch.com/math/statistics/anova/,0,0,0,0,0,0,0,0,[],[],[],,,,OK,UNCHANGED
public/math/statistics/correlation/index.html,/math/statistics/correlation/,https://calchowmuch.com/math/statistics/correlation/,0,0,0,0,0,0,0,0,[],[],[],,,,OK,UNCHANGED
public/math/statistics/distribution/index.html,/math/statistics/distribution/,https://calchowmuch.com/math/statistics/distribution/,0,0,0,0,0,0,0,0,[],[],[],,,,OK,UNCHANGED
public/math/statistics/hypothesis-testing/index.html,/math/statistics/hypothesis-testing/,https://calchowmuch.com/math/statistics/hypothesis-testing/,0,0,0,0,0,0,0,0,[],[],[],,,,OK,UNCHANGED
public/math/statistics/index.html,/math/statistics/,https://calchowmuch.com/math/statistics/,0,0,0,0,0,0,0,0,[],[],[],,,,OK,UNCHANGED
public/math/statistics/regression-analysis/index.html,/math/statistics/regression-analysis/,https://calchowmuch.com/math/statistics/regression-analysis/,0,0,0,0,0,0,0,0,[],[],[],,,,OK,UNCHANGED
public/math/trigonometry/inverse-trig/index.html,/math/trigonometry/inverse-trig/,https://calchowmuch.com/math/trigonometry/inverse-trig/,0,0,0,0,0,0,0,0,[],[],[],,,,OK,UNCHANGED
public/math/trigonometry/law-of-sines-cosines/index.html,/math/trigonometry/law-of-sines-cosines/,https://calchowmuch.com/math/trigonometry/law-of-sines-cosines/,0,0,0,0,0,0,0,0,[],[],[],,,,OK,UNCHANGED
public/math/trigonometry/triangle-solver/index.html,/math/trigonometry/triangle-solver/,https://calchowmuch.com/math/trigonometry/triangle-solver/,0,0,0,0,0,0,0,0,[],[],[],,,,OK,UNCHANGED
public/math/trigonometry/trig-functions/index.html,/math/trigonometry/trig-functions/,https://calchowmuch.com/math/trigonometry/trig-functions/,0,0,0,0,0,0,0,0,[],[],[],,,,OK,UNCHANGED
public/math/trigonometry/unit-circle/index.html,/math/trigonometry/unit-circle/,https://calchowmuch.com/math/trigonometry/unit-circle/,0,0,0,0,0,0,0,0,[],[],[],,,,OK,UNCHANGED
public/math/z-score/index.html,/math/z-score/,https://calchowmuch.com/math/z-score/,0,0,0,0,0,0,0,0,[],[],[],,,,OK,UNCHANGED
public/percentage-calculators/commission-calculator/index.html,/percentage-calculators/commission-calculator/,https://calchowmuch.com/percentage-calculators/commission-calculator/,1,0,0,1,1,0,1,1,[],[0],[0],,Home > Percentage Calculators > Commission Calculator,Commission Calculator (FinanceApplication),OK,UNCHANGED
public/percentage-calculators/discount-calculator/index.html,/percentage-calculators/discount-calculator/,https://calchowmuch.com/percentage-calculators/discount-calculator/,1,0,0,1,1,0,1,1,[],[0],[0],,Home > Percentage Calculators > Discount Calculator,Discount Calculator (FinanceApplication),OK,UNCHANGED
public/percentage-calculators/margin-calculator/index.html,/percentage-calculators/margin-calculator/,https://calchowmuch.com/percentage-calculators/margin-calculator/,1,0,0,1,1,0,1,1,[],[0],[0],,Home > Percentage Calculators > Margin Calculator,Margin Calculator (FinanceApplication),OK,UNCHANGED
public/percentage-calculators/markup-calculator/index.html,/percentage-calculators/markup-calculator/,https://calchowmuch.com/percentage-calculators/markup-calculator/,1,0,0,1,1,0,1,1,[],[0],[0],,Home > Percentage Calculators > Markup Calculator,Markup Calculator (FinanceApplication),OK,UNCHANGED
public/percentage-calculators/percent-change-calculator/index.html,/percentage-calculators/percent-change-calculator/,https://calchowmuch.com/percentage-calculators/percent-change-calculator/,1,0,0,1,1,0,1,1,[],[0],[0],,Home > Percentage Calculators > Percent Change Calculator,Percent Change Calculator (FinanceApplication),OK,UNCHANGED
public/percentage-calculators/percent-to-fraction-decimal-calculator/index.html,/percentage-calculators/percent-to-fraction-decimal-calculator/,https://calchowmuch.com/percentage-calculators/percent-to-fraction-decimal-calculator/,1,0,0,1,1,0,1,1,[],[0],[0],,Home > Percentage Calculators > Percent to Fraction & Decimal Converter,Percent to Fraction & Decimal Converter (FinanceApplication),OK,UNCHANGED
public/percentage-calculators/percentage-composition-calculator/index.html,/percentage-calculators/percentage-composition-calculator/,https://calchowmuch.com/percentage-calculators/percentage-composition-calculator/,1,0,0,1,1,0,1,1,[],[0],[0],,Home > Percentage Calculators > Percentage Composition Calculator,Percentage Composition Calculator (FinanceApplication),OK,UNCHANGED
public/percentage-calculators/percentage-decrease-calculator/index.html,/percentage-calculators/percentage-decrease-calculator/,https://calchowmuch.com/percentage-calculators/percentage-decrease-calculator/,1,0,0,1,1,0,1,1,[],[0],[0],,Home > Percentage Calculators > Percentage Decrease Calculator,Percentage Decrease Calculator (FinanceApplication),OK,UNCHANGED
public/percentage-calculators/percentage-difference-calculator/index.html,/percentage-calculators/percentage-difference-calculator/,https://calchowmuch.com/percentage-calculators/percentage-difference-calculator/,1,0,0,1,1,0,1,1,[],[0],[0],,Home > Percentage Calculators > Percentage Difference Calculator,Percentage Difference Calculator (FinanceApplication),OK,UNCHANGED
public/percentage-calculators/percentage-finder-calculator/index.html,/percentage-calculators/percentage-finder-calculator/,https://calchowmuch.com/percentage-calculators/percentage-finder-calculator/,1,0,0,1,1,0,1,1,[],[0],[0],,Home > Percentage Calculators > What Percent Is X of Y,What Percent Is X of Y (FinanceApplication),OK,UNCHANGED
public/percentage-calculators/percentage-increase-calculator/index.html,/percentage-calculators/percentage-increase-calculator/,https://calchowmuch.com/percentage-calculators/percentage-increase-calculator/,1,0,0,1,1,0,1,1,[],[0],[0],,Home > Percentage Calculators > Percentage Increase Calculator,Percentage Increase Calculator (FinanceApplication),OK,UNCHANGED
public/percentage-calculators/percentage-of-a-number-calculator/index.html,/percentage-calculators/percentage-of-a-number-calculator/,https://calchowmuch.com/percentage-calculators/percentage-of-a-number-calculator/,1,0,0,1,1,0,1,1,[],[0],[0],,Home > Percentage Calculators > Find Percentage of a Number Calculator,Find Percentage of a Number Calculator (FinanceApplication),OK,UNCHANGED
public/percentage-calculators/reverse-percentage-calculator/index.html,/percentage-calculators/reverse-percentage-calculator/,https://calchowmuch.com/percentage-calculators/reverse-percentage-calculator/,1,0,0,1,1,0,1,1,[],[0],[0],,Home > Percentage Calculators > Reverse Percentage,Reverse Percentage (FinanceApplication),OK,UNCHANGED
public/privacy/index.html,/privacy/,https://calchowmuch.com/privacy/,0,0,0,0,0,0,0,0,[],[],[],,,,OK,UNCHANGED
public/terms-and-conditions/index.html,/terms-and-conditions/,https://calchowmuch.com/terms-and-conditions/,0,0,0,0,0,0,0,0,[],[],[],,,,OK,UNCHANGED
public/time-and-date/age-calculator/index.html,/time-and-date/age-calculator/,https://calchowmuch.com/time-and-date/age-calculator/,1,0,0,1,1,0,1,1,[],[0],[0],,Home > Time And Date > Age Calculator,Age Calculator (FinanceApplication),OK,UNCHANGED
public/time-and-date/birthday-day-of-week/index.html,/time-and-date/birthday-day-of-week/,https://calchowmuch.com/time-and-date/birthday-day-of-week/,0,0,0,0,0,0,0,0,[],[],[],,,,OK,UNCHANGED
public/time-and-date/countdown-timer-generator/index.html,/time-and-date/countdown-timer-generator/,https://calchowmuch.com/time-and-date/countdown-timer-generator/,0,0,0,0,0,0,0,0,[],[],[],,,,OK,UNCHANGED
public/time-and-date/days-until-a-date-calculator/index.html,/time-and-date/days-until-a-date-calculator/,https://calchowmuch.com/time-and-date/days-until-a-date-calculator/,1,0,0,1,1,0,1,1,[],[0],[0],,Home > Time And Date > Days Until a Date Calculator,Days Until a Date Calculator (FinanceApplication),OK,UNCHANGED
public/time-and-date/energy-based-nap-selector/index.html,/time-and-date/energy-based-nap-selector/,https://calchowmuch.com/time-and-date/energy-based-nap-selector/,0,0,0,0,0,0,0,0,[],[],[],,,,OK,UNCHANGED
public/time-and-date/nap-time-calculator/index.html,/time-and-date/nap-time-calculator/,https://calchowmuch.com/time-and-date/nap-time-calculator/,1,0,0,1,1,0,1,1,[],[0],[0],,Home > Time And Date > Nap Time Calculator,Nap Time Calculator (FinanceApplication),OK,UNCHANGED
public/time-and-date/overtime-hours-calculator/index.html,/time-and-date/overtime-hours-calculator/,https://calchowmuch.com/time-and-date/overtime-hours-calculator/,1,0,0,1,1,0,1,1,[],[0],[0],,Home > Time And Date > Overtime Hours Calculator,Overtime Hours Calculator (FinanceApplication),OK,UNCHANGED
public/time-and-date/power-nap-calculator/index.html,/time-and-date/power-nap-calculator/,https://calchowmuch.com/time-and-date/power-nap-calculator/,1,0,0,1,1,0,1,1,[],[0],[0],,Home > Time And Date > Power Nap Calculator,Power Nap Calculator (FinanceApplication),OK,UNCHANGED
public/time-and-date/sleep-time-calculator/index.html,/time-and-date/sleep-time-calculator/,https://calchowmuch.com/time-and-date/sleep-time-calculator/,1,0,0,1,1,0,1,1,[],[0],[0],,Home > Time And Date > Sleep Time Calculator,Sleep Time Calculator (FinanceApplication),OK,UNCHANGED
public/time-and-date/time-between-two-dates-calculator/index.html,/time-and-date/time-between-two-dates-calculator/,https://calchowmuch.com/time-and-date/time-between-two-dates-calculator/,1,0,0,1,1,0,1,1,[],[0],[0],,Home > Time And Date > Time Between Two Dates Calculator,Time Between Two Dates Calculator (FinanceApplication),OK,UNCHANGED
public/time-and-date/wake-up-time-calculator/index.html,/time-and-date/wake-up-time-calculator/,https://calchowmuch.com/time-and-date/wake-up-time-calculator/,1,0,0,1,1,0,1,1,[],[0],[0],,Home > Time And Date > Wake-Up Time Calculator,Wake-Up Time Calculator (FinanceApplication),OK,UNCHANGED
public/time-and-date/work-hours-calculator/index.html,/time-and-date/work-hours-calculator/,https://calchowmuch.com/time-and-date/work-hours-calculator/,1,0,0,1,1,0,1,1,[],[0],[0],,Home > Time And Date > Work Hours Calculator,Work Hours Calculator (FinanceApplication),OK,UNCHANGED
