source_file_path,source_url,page_title,meta_description,canonical_url,title_length,meta_description_length,canonical_host,canonical_path,title_has_brand,description_has_brand,title_has_pipe_or_dash,has_h1,h1_text,h1_length,title_equals_h1,has_schema_jsonld,schema_types,has_breadcrumb_schema,has_faq_schema,has_softwareapp_schema,word_count_estimate,issues
public/privacy-policy/index.html,https://calchowmuch.com/privacy-policy/,,,,0,0,,,false,false,false,false,,0,false,false,,false,false,false,0,MISSING_CANONICAL;MISSING_TITLE;MISSING_META_DESCRIPTION;MISSING_H1;MISSING_JSONLD
public/sitemap.xml,https://calchowmuch.com/sitemap.xml,,,,0,0,,,false,false,false,false,,0,false,false,,false,false,false,1041,MISSING_CANONICAL;MISSING_TITLE;MISSING_META_DESCRIPTION;MISSING_H1;MISSING_JSONLD
public/index.html,https://calchowmuch.com/,Calculate How Much | Free Online Calculators & Tools,"Quick calculations for everyday numbers. Explore calculator clusters and launch focused tools for math, finance, loans, time, and percentage planning.",https://calchowmuch.com/,52,150,calchowmuch.com,/,true,false,true,true,Calculate How Much,18,false,true,Organization;WebSite;WebPage,false,false,false,19,
public/calculators/index.html,https://calchowmuch.com/calculators/,All Calculators | Calculate How Much Online Calculator Hub,"Browse every calculator on Calculate How Much, organized by category with direct links to launch each tool and explore related finance or math topics.",https://calchowmuch.com/calculators/,58,150,calchowmuch.com,/calculators/,true,true,true,true,All Calculators,15,false,false,,false,false,false,255,MISSING_JSONLD;MISSING_BREADCRUMB_SCHEMA;MISSING_SOFTWAREAPP_SCHEMA;LOW_WORD_COUNT
public/car-loan-calculators/auto-loan-calculator/index.html,https://calchowmuch.com/car-loan-calculators/auto-loan-calculator/,Auto Loan Comparison Calculator – Compare Two Car Loans | CalcHowMuch,"Compare two auto loans side by side. Estimate monthly payments, total interest, and total cost to find the better car financing option.",https://calchowmuch.com/car-loan-calculators/auto-loan-calculator/,69,135,calchowmuch.com,/car-loan-calculators/auto-loan-calculator/,true,false,true,true,Auto Loan Comparison Calculator,31,false,true,SoftwareApplication;BreadcrumbList,true,false,true,467,TITLE_TOO_LONG
public/car-loan-calculators/car-lease-calculator/index.html,https://calchowmuch.com/car-loan-calculators/car-lease-calculator/,Car Lease Calculator – Monthly Payment & Lease Cost | CalcHowMuch,"Estimate car lease monthly payments, residual value impact, finance charges, and total lease cost. Compare lease scenarios instantly.",https://calchowmuch.com/car-loan-calculators/car-lease-calculator/,65,133,calchowmuch.com,/car-loan-calculators/car-lease-calculator/,true,false,true,true,Car Lease Calculator,20,false,true,SoftwareApplication;BreadcrumbList,true,false,true,426,TITLE_TOO_LONG
public/car-loan-calculators/car-loan-calculator/index.html,https://calchowmuch.com/car-loan-calculators/car-loan-calculator/,Car Loan Calculator – Monthly Payment & Interest | CalcHowMuch,"Calculate car loan monthly payments, interest cost, and payoff schedule. Adjust loan amount, APR, and term to see total loan cost.",https://calchowmuch.com/car-loan-calculators/car-loan-calculator/,62,130,calchowmuch.com,/car-loan-calculators/car-loan-calculator/,true,false,true,true,Car Loan Calculator,19,false,true,SoftwareApplication;BreadcrumbList,true,false,true,331,TITLE_TOO_LONG;LOW_WORD_COUNT
public/car-loan-calculators/hire-purchase-calculator/index.html,https://calchowmuch.com/car-loan-calculators/hire-purchase-calculator/,Hire Purchase Calculator – Monthly Payment & Total Cost | CalcHowMuch,"Estimate hire purchase monthly payments, interest cost, and total payable amount. Compare financing options before buying a vehicle.",https://calchowmuch.com/car-loan-calculators/hire-purchase-calculator/,69,132,calchowmuch.com,/car-loan-calculators/hire-purchase-calculator/,true,false,true,true,Hire Purchase Calculator,24,false,true,SoftwareApplication;BreadcrumbList,true,false,true,403,TITLE_TOO_LONG
public/car-loan-calculators/pcp-calculator/index.html,https://calchowmuch.com/car-loan-calculators/pcp-calculator/,PCP Car Finance Calculator – Monthly Payment & GFV | CalcHowMuch,"Calculate PCP car finance payments including deposit, monthly payments, final balloon payment (GFV), and total interest.",https://calchowmuch.com/car-loan-calculators/pcp-calculator/,64,120,calchowmuch.com,/car-loan-calculators/pcp-calculator/,true,false,true,true,PCP Car Finance Calculator,26,false,true,SoftwareApplication;BreadcrumbList,true,false,true,447,TITLE_TOO_LONG
public/contact-us/index.html,https://calchowmuch.com/contact-us/,Contact | Calculate How Much - Feedback and Support,"Reach the Calculate How Much team for feedback, questions, or support. Learn how to get in touch without sharing personal email addresses or mailto links.",https://calchowmuch.com/contact-us/,51,154,calchowmuch.com,/contact-us/,true,true,true,true,Contact,7,false,false,,false,false,false,68,MISSING_JSONLD
public/credit-card-calculators/balance-transfer-credit-card-calculator/index.html,https://calchowmuch.com/credit-card-calculators/balance-transfer-credit-card-calculator/,Balance Transfer Credit Card Calculator – Savings & Fees | CalcHowMuch,"Calculate balance transfer savings including transfer fees, promo APR periods, and post-promo rates. See payoff timeline and total interest costs instantly.",https://calchowmuch.com/credit-card-calculators/balance-transfer-credit-card-calculator/,70,156,calchowmuch.com,/credit-card-calculators/balance-transfer-credit-card-calculator/,true,false,true,true,Balance Transfer Credit Card Calculator,39,false,true,SoftwareApplication;BreadcrumbList,true,false,true,1127,TITLE_TOO_LONG
public/credit-card-calculators/credit-card-consolidation-calculator/index.html,https://calchowmuch.com/credit-card-calculators/credit-card-consolidation-calculator/,Credit Card Consolidation Calculator – Compare Debt Savings | CalcHowMuch,"Compare paying credit cards separately versus consolidating into a fixed-rate loan. Estimate monthly payments, interest savings, and total repayment cost.",https://calchowmuch.com/credit-card-calculators/credit-card-consolidation-calculator/,73,154,calchowmuch.com,/credit-card-calculators/credit-card-consolidation-calculator/,true,false,true,true,Credit Card Consolidation Calculator,36,false,true,SoftwareApplication;BreadcrumbList,true,false,true,622,TITLE_TOO_LONG
public/credit-card-calculators/credit-card-minimum-payment-calculator/index.html,https://calchowmuch.com/credit-card-calculators/credit-card-minimum-payment-calculator/,Credit Card Minimum Payment Calculator – Payoff Time & Interest | CalcHowMuch,"Estimate how long it takes to pay off a credit card when making minimum payments. See payoff timeline, total interest, and payment schedule.",https://calchowmuch.com/credit-card-calculators/credit-card-minimum-payment-calculator/,77,140,calchowmuch.com,/credit-card-calculators/credit-card-minimum-payment-calculator/,true,false,true,true,Credit Card Minimum Payment Calculator,38,false,true,SoftwareApplication;BreadcrumbList,true,false,true,1239,TITLE_TOO_LONG
public/credit-card-calculators/credit-card-payment-calculator/index.html,https://calchowmuch.com/credit-card-calculators/credit-card-payment-calculator/,Credit Card Payment Calculator – Monthly Payment & Payoff Plan | CalcHowMuch,"Calculate monthly credit card payments and payoff timelines. Adjust balance, APR, and payment amount to see interest costs and repayment schedules.",https://calchowmuch.com/credit-card-calculators/credit-card-payment-calculator/,76,147,calchowmuch.com,/credit-card-calculators/credit-card-payment-calculator/,true,false,true,true,Credit Card Payment Calculator,30,false,true,SoftwareApplication;BreadcrumbList,true,false,true,1384,TITLE_TOO_LONG
public/faq/index.html,https://calchowmuch.com/faq/,FAQs | Calculate How Much - Calculator Help and Answers,"Find answers about calculator access, assumptions, privacy, accuracy, and usage limits on CalcHowMuch.",https://calchowmuch.com/faq/,55,102,calchowmuch.com,/faq/,true,true,true,true,FAQs,4,false,true,FAQPage,false,true,false,737,DESC_TOO_SHORT
public/finance-calculators/compound-interest-calculator/index.html,https://calchowmuch.com/finance-calculators/compound-interest-calculator/,Compound Interest Calculator – CalcHowMuch,"Calculate compound interest to estimate your ending balance, total interest earned, and growth over time. Supports annual, semi-annual, and quarterly compounding.",https://calchowmuch.com/finance-calculators/compound-interest-calculator/,42,162,calchowmuch.com,/finance-calculators/compound-interest-calculator/,true,false,false,true,Compound Interest Calculator,28,false,true,WebSite;Organization;WebPage;SoftwareApplication;FAQPage;BreadcrumbList,true,true,true,807,DESC_TOO_LONG
public/finance-calculators/effective-annual-rate-calculator/index.html,https://calchowmuch.com/finance-calculators/effective-annual-rate-calculator/,Effective Annual Rate (EAR) Calculator – CalcHowMuch,Calculate the effective annual rate (EAR) from a nominal interest rate and compounding frequency. Compare true annual interest rates accurately.,https://calchowmuch.com/finance-calculators/effective-annual-rate-calculator/,52,144,calchowmuch.com,/finance-calculators/effective-annual-rate-calculator/,true,false,false,true,Effective Annual Rate Calculator,32,false,true,WebSite;Organization;WebPage;SoftwareApplication;FAQPage;BreadcrumbList,true,true,true,690,
public/finance-calculators/future-value-calculator/index.html,https://calchowmuch.com/finance-calculators/future-value-calculator/,Future Value (FV) Calculator – CalcHowMuch,Calculate how much your money could grow in the future using interest rate and time period. Simple FV calculator.,https://calchowmuch.com/finance-calculators/future-value-calculator/,42,113,calchowmuch.com,/finance-calculators/future-value-calculator/,true,true,false,true,Future Value Calculator,23,false,true,WebSite;Organization;WebPage;SoftwareApplication;FAQPage;BreadcrumbList,true,true,true,657,DESC_TOO_SHORT
public/finance-calculators/future-value-of-annuity-calculator/index.html,https://calchowmuch.com/finance-calculators/future-value-of-annuity-calculator/,Future Value of Annuity Calculator (Ordinary & Due) – CalcHowMuch,"Calculate the future value of an annuity. Compare ordinary annuity vs annuity due using payment amount, interest rate, and periods.",https://calchowmuch.com/finance-calculators/future-value-of-annuity-calculator/,65,131,calchowmuch.com,/finance-calculators/future-value-of-annuity-calculator/,true,false,false,true,Future Value of Annuity Calculator,34,false,true,WebSite;Organization;WebPage;SoftwareApplication;FAQPage;BreadcrumbList,true,true,true,824,TITLE_TOO_LONG
public/finance-calculators/investment-growth-calculator/index.html,https://calchowmuch.com/finance-calculators/investment-growth-calculator/,Investment Growth Calculator – CalcHowMuch,"Estimate investment growth over time. Calculate future value, total contributions, and total gains using an expected annual return. Optional inflation adjustment.",https://calchowmuch.com/finance-calculators/investment-growth-calculator/,42,162,calchowmuch.com,/finance-calculators/investment-growth-calculator/,true,false,false,true,Investment Growth Calculator,28,false,true,WebSite;Organization;WebPage;SoftwareApplication;FAQPage;BreadcrumbList,true,true,true,607,DESC_TOO_LONG
public/finance-calculators/investment-return-calculator/index.html,https://calchowmuch.com/finance-calculators/investment-return-calculator/,"Investment Return Calculator - Portfolio Growth, Profit, CAGR","Calculate investment return using lump sum, contributions, compounding, inflation, and tax assumptions. View CAGR and annual or monthly breakdowns.",https://calchowmuch.com/finance-calculators/investment-return-calculator/,61,147,calchowmuch.com,/finance-calculators/investment-return-calculator/,false,false,true,true,Investment Return Calculator,28,false,true,WebSite;Organization;WebPage;SoftwareApplication;FAQPage;BreadcrumbList,true,true,true,1573,TITLE_TOO_LONG
public/finance-calculators/monthly-savings-needed-calculator/index.html,https://calchowmuch.com/finance-calculators/monthly-savings-needed-calculator/,Monthly Savings Needed | Calculate How Much Online Calcul...,"Monthly Savings Needed calculator with fast inputs and clear results. Calculate How Much provides explanations, examples, and assumptions to help you plan co...",https://calchowmuch.com/finance-calculators/monthly-savings-needed-calculator/,60,160,calchowmuch.com,/finance-calculators/monthly-savings-needed-calculator/,true,true,true,true,Monthly Savings Needed,22,false,true,WebSite;Organization;WebPage;SoftwareApplication;FAQPage;BreadcrumbList,true,true,true,823,
public/finance-calculators/present-value-calculator/index.html,https://calchowmuch.com/finance-calculators/present-value-calculator/,Present Value (PV) Calculator – CalcHowMuch,"Calculate the present value of future money using discount rate and time period. Simple, accurate PV calculator.",https://calchowmuch.com/finance-calculators/present-value-calculator/,43,112,calchowmuch.com,/finance-calculators/present-value-calculator/,true,false,false,true,Present Value Calculator,24,false,true,WebSite;Organization;WebPage;SoftwareApplication;FAQPage;BreadcrumbList,true,true,true,638,DESC_TOO_SHORT
public/finance-calculators/present-value-of-annuity-calculator/index.html,https://calchowmuch.com/finance-calculators/present-value-of-annuity-calculator/,Present Value of Annuity Calculator (Ordinary & Due) – CalcHowMuch,"Calculate the present value of an annuity. Compare ordinary annuity vs annuity due using payment amount, rate, and periods with our free calculator.",https://calchowmuch.com/finance-calculators/present-value-of-annuity-calculator/,66,148,calchowmuch.com,/finance-calculators/present-value-of-annuity-calculator/,true,false,false,true,Present Value of Annuity Calculator,35,false,true,WebSite;Organization;WebPage;SoftwareApplication;FAQPage;BreadcrumbList,true,true,true,677,TITLE_TOO_LONG
public/finance-calculators/simple-interest-calculator/index.html,https://calchowmuch.com/finance-calculators/simple-interest-calculator/,Simple Interest Calculator – CalcHowMuch,"Calculate simple interest to find total interest and ending amount using principal, rate, and time. Compare simple vs compound interest quickly.",https://calchowmuch.com/finance-calculators/simple-interest-calculator/,40,144,calchowmuch.com,/finance-calculators/simple-interest-calculator/,true,false,false,true,Simple Interest Calculator,26,false,true,WebSite;Organization;WebPage;SoftwareApplication;FAQPage;BreadcrumbList,true,true,true,716,
public/finance-calculators/time-to-savings-goal-calculator/index.html,https://calchowmuch.com/finance-calculators/time-to-savings-goal-calculator/,Time to Savings Goal Calculator – CalcHowMuch,"Estimate how long it will take to reach your savings target with regular contributions, interest, and compounding. Plan your path to financial goals.",https://calchowmuch.com/finance-calculators/time-to-savings-goal-calculator/,45,149,calchowmuch.com,/finance-calculators/time-to-savings-goal-calculator/,true,false,false,true,Time to Savings Goal Calculator,31,false,true,WebSite;Organization;WebPage;SoftwareApplication;FAQPage;BreadcrumbList,true,true,true,788,
public/loan-calculators/buy-to-let-mortgage-calculator/index.html,https://calchowmuch.com/loan-calculators/buy-to-let-mortgage-calculator/,"Buy-to-Let (Yield, Cashflow & Coverage) | CalcHowMuch","Estimate buy-to-let yield, cashflow, and stress coverage using rent, property price, deposit, rate, and mortgage type inputs.",https://calchowmuch.com/loan-calculators/buy-to-let-mortgage-calculator/,53,125,calchowmuch.com,/loan-calculators/buy-to-let-mortgage-calculator/,true,false,true,true,Buy-to-Let Calculator,21,false,true,WebSite;Organization;WebPage;SoftwareApplication;FAQPage;BreadcrumbList,true,true,true,399,LOW_WORD_COUNT
public/loan-calculators/how-much-can-i-borrow/index.html,https://calchowmuch.com/loan-calculators/how-much-can-i-borrow/,How Much Can I Borrow | Mortgage Affordability | CalcHowMuch,"Estimate your maximum mortgage borrowing using income multiples or payment-to-income checks, then compare monthly payments and total property budget.",https://calchowmuch.com/loan-calculators/how-much-can-i-borrow/,60,149,calchowmuch.com,/loan-calculators/how-much-can-i-borrow/,true,false,true,true,How Much Can I Borrow Calculator,32,false,true,WebSite;Organization;WebPage;SoftwareApplication;FAQPage;BreadcrumbList,true,true,true,671,
public/loan-calculators/interest-rate-change-calculator/index.html,https://calchowmuch.com/loan-calculators/interest-rate-change-calculator/,Interest Rate Change Calculator | Rate Impact | CalcHowMuch,"Compare current and new mortgage rates to estimate monthly payment differences, total interest impact, and scenario timing over your remaining term.",https://calchowmuch.com/loan-calculators/interest-rate-change-calculator/,59,148,calchowmuch.com,/loan-calculators/interest-rate-change-calculator/,true,false,true,true,Interest Rate Change Calculator,31,false,true,WebSite;Organization;WebPage;SoftwareApplication;FAQPage;BreadcrumbList,true,true,true,509,
public/loan-calculators/ltv-calculator/index.html,https://calchowmuch.com/loan-calculators/ltv-calculator/,Loan-to-Value (LTV) Calculator | LTV Bands | CalcHowMuch,"Calculate mortgage loan-to-value instantly using property value and either loan amount or deposit, then view risk bands and target LTV levels.",https://calchowmuch.com/loan-calculators/ltv-calculator/,56,142,calchowmuch.com,/loan-calculators/ltv-calculator/,true,false,true,true,Loan-to-Value (LTV) Calculator,30,false,true,WebSite;Organization;WebPage;SoftwareApplication;FAQPage;BreadcrumbList,true,true,true,695,
public/loan-calculators/mortgage-calculator/index.html,https://calchowmuch.com/loan-calculators/mortgage-calculator/,Home Loan Calculator | Mortgage Payment Planner | CalcHowMuch,"Estimate monthly mortgage payments, amortization, payoff timeline, and interest savings from extra payments with our free Home Loan Calculator.",https://calchowmuch.com/loan-calculators/mortgage-calculator/,61,143,calchowmuch.com,/loan-calculators/mortgage-calculator/,true,false,true,true,Home Loan Calculator,20,false,true,WebSite;Organization;WebPage;SoftwareApplication;FAQPage;BreadcrumbList,true,true,true,1993,TITLE_TOO_LONG
public/loan-calculators/offset-mortgage-calculator/index.html,https://calchowmuch.com/loan-calculators/offset-mortgage-calculator/,Offset Calculator | Interest Savings & Payoff | CalcHowMuch,"See how offset savings balances and monthly contributions reduce mortgage interest, shorten payoff time, and improve total cost over monthly and yearly views.",https://calchowmuch.com/loan-calculators/offset-mortgage-calculator/,59,158,calchowmuch.com,/loan-calculators/offset-mortgage-calculator/,true,false,true,true,Offset Calculator,17,false,true,WebSite;Organization;WebPage;SoftwareApplication;FAQPage;BreadcrumbList,true,true,true,489,
public/loan-calculators/personal-loan-calculator/index.html,https://calchowmuch.com/loan-calculators/personal-loan-calculator/,"Personal Loan Calculator - Monthly Payment, Interest & Total Cost | CalcHowMuch","Calculate personal loan monthly payments, total interest, and payoff time. Add extra monthly payments to see interest savings and early payoff.",https://calchowmuch.com/loan-calculators/personal-loan-calculator/,79,143,calchowmuch.com,/loan-calculators/personal-loan-calculator/,true,false,true,true,Personal Loan Calculator,24,false,true,WebSite;Organization;WebPage;SoftwareApplication;FAQPage;BreadcrumbList,true,true,true,1349,TITLE_TOO_LONG
public/loan-calculators/remortgage-calculator/index.html,https://calchowmuch.com/loan-calculators/remortgage-calculator/,Remortgage Calculator (Switching) | Break-even | CalcHowMuch,"Compare your current mortgage with a new rate and term to see monthly savings, break-even month, and total savings over a 2 to 10 year horizon.",https://calchowmuch.com/loan-calculators/remortgage-calculator/,60,143,calchowmuch.com,/loan-calculators/remortgage-calculator/,true,false,true,true,Remortgage Calculator (Switching),33,false,true,WebSite;Organization;WebPage;SoftwareApplication;FAQPage;BreadcrumbList,true,true,true,475,
public/math/algebra/factoring/index.html,https://calchowmuch.com/math/algebra/factoring/,Factoring Calculator | Polynomial Factoring Steps | CalcHowMuch,"Factor algebraic expressions using GCF, quadratic factoring, difference of squares, cubes, and grouping with readable result steps.",https://calchowmuch.com/math/algebra/factoring/,63,131,calchowmuch.com,/math/algebra/factoring/,true,false,true,true,Factoring Calculator,20,false,true,FAQPage,false,true,false,444,TITLE_TOO_LONG
public/math/algebra/polynomial-operations/index.html,https://calchowmuch.com/math/algebra/polynomial-operations/,Polynomial Operations Calculator | Add Subtract Multiply Divide,"Perform polynomial addition, subtraction, multiplication, and division with quotient and remainder outputs and clear operation summaries.",https://calchowmuch.com/math/algebra/polynomial-operations/,63,137,calchowmuch.com,/math/algebra/polynomial-operations/,false,false,true,true,Polynomial Operations Calculator,32,false,true,FAQPage,false,true,false,418,TITLE_TOO_LONG
public/math/algebra/quadratic-equation/index.html,https://calchowmuch.com/math/algebra/quadratic-equation/,Quadratic Equation Solver Calculator | CalcHowMuch,"Solve quadratic equations of the form ax² + bx + c = 0 with real or complex roots, discriminant details, and step-by-step output.",https://calchowmuch.com/math/algebra/quadratic-equation/,50,129,calchowmuch.com,/math/algebra/quadratic-equation/,true,false,true,true,Quadratic Equation Solver,25,false,true,FAQPage,false,true,false,402,
public/math/algebra/slope-distance/index.html,https://calchowmuch.com/math/algebra/slope-distance/,Slope and Distance Calculator | CalcHowMuch,"Calculate slope, midpoint, distance, and line equations from two points with clear outputs for vertical, horizontal, and diagonal lines.",https://calchowmuch.com/math/algebra/slope-distance/,43,136,calchowmuch.com,/math/algebra/slope-distance/,true,false,true,true,Slope and Distance Calculator,29,false,true,FAQPage,false,true,false,410,
public/math/algebra/system-of-equations/index.html,https://calchowmuch.com/math/algebra/system-of-equations/,System of Equations Solver | 2x2 and 3x3 | CalcHowMuch,"Solve 2x2 and 3x3 linear systems using elimination, substitution, and matrix methods with unique/no-solution diagnostics.",https://calchowmuch.com/math/algebra/system-of-equations/,54,121,calchowmuch.com,/math/algebra/system-of-equations/,true,false,true,true,System of Equations Solver,26,false,true,FAQPage,false,true,false,413,
public/math/basic/index.html,https://calchowmuch.com/math/basic/,Basic Calculator | Calculate How Much Online Calculator,"Basic Calculator calculator with fast inputs and clear results. Calculate How Much provides explanations, examples, and assumptions to help you plan confiden...",https://calchowmuch.com/math/basic/,55,160,calchowmuch.com,/math/basic/,true,true,true,true,Basic Calculator,16,false,false,,false,false,false,187,MISSING_JSONLD
public/math/calculus/critical-points/index.html,https://calchowmuch.com/math/calculus/critical-points/,Critical Points Finder | Calculate How Much Online Calcul...,"Critical Points Finder calculator with fast inputs and clear results. Calculate How Much provides explanations, examples, and assumptions to help you plan co...",https://calchowmuch.com/math/calculus/critical-points/,60,160,calchowmuch.com,/math/calculus/critical-points/,true,true,true,true,Critical Points Finder,22,false,false,,false,false,false,682,MISSING_JSONLD
public/math/calculus/derivative/index.html,https://calchowmuch.com/math/calculus/derivative/,Derivative Calculator | Calculate How Much Online Calculator,"Derivative Calculator calculator with fast inputs and clear results. Calculate How Much provides explanations, examples, and assumptions to help you plan con...",https://calchowmuch.com/math/calculus/derivative/,60,160,calchowmuch.com,/math/calculus/derivative/,true,true,true,true,Derivative Calculator,21,false,false,,false,false,false,565,MISSING_JSONLD
public/math/calculus/integral/index.html,https://calchowmuch.com/math/calculus/integral/,Integral Calculator | Calculate How Much Online Calculator,"Integral Calculator calculator with fast inputs and clear results. Calculate How Much provides explanations, examples, and assumptions to help you plan confi...",https://calchowmuch.com/math/calculus/integral/,58,160,calchowmuch.com,/math/calculus/integral/,true,true,true,true,Integral Calculator,19,false,false,,false,false,false,578,MISSING_JSONLD
public/math/calculus/limit/index.html,https://calchowmuch.com/math/calculus/limit/,Limit Calculator | Calculate How Much Online Calculator,"Limit Calculator calculator with fast inputs and clear results. Calculate How Much provides explanations, examples, and assumptions to help you plan confiden...",https://calchowmuch.com/math/calculus/limit/,55,160,calchowmuch.com,/math/calculus/limit/,true,true,true,true,Limit Calculator,16,false,false,,false,false,false,730,MISSING_JSONLD
public/math/calculus/series-convergence/index.html,https://calchowmuch.com/math/calculus/series-convergence/,Series Convergence Calculator | Calculate How Much Online...,"Series Convergence Calculator calculator with fast inputs and clear results. Calculate How Much provides explanations, examples, and assumptions to help you...",https://calchowmuch.com/math/calculus/series-convergence/,60,159,calchowmuch.com,/math/calculus/series-convergence/,true,true,true,true,Series Convergence Calculator,29,false,false,,false,false,false,585,MISSING_JSONLD
public/math/confidence-interval/index.html,https://calchowmuch.com/math/confidence-interval/,Confidence Interval Calculator | Calculate How Much Onlin...,"Confidence Interval Calculator calculator with fast inputs and clear results. Calculate How Much provides explanations, examples, and assumptions to help you...",https://calchowmuch.com/math/confidence-interval/,60,160,calchowmuch.com,/math/confidence-interval/,true,true,true,true,Confidence Interval Calculator,30,false,false,,false,false,false,524,MISSING_JSONLD
public/math/fraction-calculator/index.html,https://calchowmuch.com/math/fraction-calculator/,"Fraction Calculator - Add, Subtract, Multiply, Divide & Simplify | CalcHowMuch","Use this free fraction calculator to add, subtract, multiply, divide, simplify, and convert fractions with clear worked steps for students.",https://calchowmuch.com/math/fraction-calculator/,78,139,calchowmuch.com,/math/fraction-calculator/,true,false,true,true,Fraction Calculator,19,false,true,SoftwareApplication;BreadcrumbList,true,false,true,694,TITLE_TOO_LONG
public/math/log/common-log/index.html,https://calchowmuch.com/math/log/common-log/,Common Log Calculator | Calculate How Much Online Calculator,"Common Log Calculator calculator with fast inputs and clear results. Calculate How Much provides explanations, examples, and assumptions to help you plan con...",https://calchowmuch.com/math/log/common-log/,60,160,calchowmuch.com,/math/log/common-log/,true,true,true,true,Common Log Calculator,21,false,false,,false,false,false,207,MISSING_JSONLD
public/math/log/exponential-equations/index.html,https://calchowmuch.com/math/log/exponential-equations/,Exponential Equations Solver | Calculate How Much Online...,"Exponential Equations Solver calculator with fast inputs and clear results. Calculate How Much provides explanations, examples, and assumptions to help you p...",https://calchowmuch.com/math/log/exponential-equations/,59,160,calchowmuch.com,/math/log/exponential-equations/,true,true,true,true,Exponential Equations Solver,28,false,false,,false,false,false,209,MISSING_JSONLD
public/math/log/log-properties/index.html,https://calchowmuch.com/math/log/log-properties/,Logarithm Properties | Calculate How Much Online Calculator,"Logarithm Properties calculator with fast inputs and clear results. Calculate How Much provides explanations, examples, and assumptions to help you plan conf...",https://calchowmuch.com/math/log/log-properties/,59,160,calchowmuch.com,/math/log/log-properties/,true,true,true,true,Logarithm Properties,20,false,false,,false,false,false,186,MISSING_JSONLD
public/math/log/log-scale/index.html,https://calchowmuch.com/math/log/log-scale/,Log Scale Converter | Calculate How Much Online Calculator,"Log Scale Converter calculator with fast inputs and clear results. Calculate How Much provides explanations, examples, and assumptions to help you plan confi...",https://calchowmuch.com/math/log/log-scale/,58,160,calchowmuch.com,/math/log/log-scale/,true,true,true,true,Log Scale Converter,19,false,false,,false,false,false,192,MISSING_JSONLD
public/math/log/natural-log/index.html,https://calchowmuch.com/math/log/natural-log/,Natural Log Calculator | Calculate How Much Online Calcul...,"Natural Log Calculator calculator with fast inputs and clear results. Calculate How Much provides explanations, examples, and assumptions to help you plan co...",https://calchowmuch.com/math/log/natural-log/,60,160,calchowmuch.com,/math/log/natural-log/,true,true,true,true,Natural Log Calculator,22,false,false,,false,false,false,230,MISSING_JSONLD
public/math/mean-median-mode-range/index.html,https://calchowmuch.com/math/mean-median-mode-range/,Mean Median Mode Range Calculator | Calculate How Much On...,"Mean Median Mode Range Calculator calculator with fast inputs and clear results. Calculate How Much provides explanations, examples, and assumptions to help...",https://calchowmuch.com/math/mean-median-mode-range/,60,159,calchowmuch.com,/math/mean-median-mode-range/,true,true,true,true,Mean Median Mode Range Calculator,33,false,false,,false,false,false,456,MISSING_JSONLD
public/math/number-sequence/index.html,https://calchowmuch.com/math/number-sequence/,Number Sequence Calculator | Calculate How Much Online Ca...,"Number Sequence Calculator calculator with fast inputs and clear results. Calculate How Much provides explanations, examples, and assumptions to help you pla...",https://calchowmuch.com/math/number-sequence/,60,160,calchowmuch.com,/math/number-sequence/,true,true,true,true,Number Sequence Calculator,26,false,false,,false,false,false,456,MISSING_JSONLD
public/math/permutation-combination/index.html,https://calchowmuch.com/math/permutation-combination/,Permutation & Combination Calculator | Calculate How Much...,"Permutation & Combination Calculator calculator with fast inputs and clear results. Calculate How Much provides explanations, examples, and assumptions to he...",https://calchowmuch.com/math/permutation-combination/,60,160,calchowmuch.com,/math/permutation-combination/,true,true,true,true,Permutation & Combination Calculator,36,false,false,,false,false,false,437,MISSING_JSONLD
public/math/probability/index.html,https://calchowmuch.com/math/probability/,Probability Calculator | Calculate How Much Online Calcul...,"Probability Calculator calculator with fast inputs and clear results. Calculate How Much provides explanations, examples, and assumptions to help you plan co...",https://calchowmuch.com/math/probability/,60,160,calchowmuch.com,/math/probability/,true,true,true,true,Probability Calculator,22,false,false,,false,false,false,620,MISSING_JSONLD
public/math/sample-size/index.html,https://calchowmuch.com/math/sample-size/,Sample Size Calculator | Calculate How Much Online Calcul...,"Sample Size Calculator calculator with fast inputs and clear results. Calculate How Much provides explanations, examples, and assumptions to help you plan co...",https://calchowmuch.com/math/sample-size/,60,160,calchowmuch.com,/math/sample-size/,true,true,true,true,Sample Size Calculator,22,false,false,,false,false,false,455,MISSING_JSONLD
public/math/standard-deviation/index.html,https://calchowmuch.com/math/standard-deviation/,Standard Deviation Calculator | Calculate How Much Online...,"Standard Deviation Calculator calculator with fast inputs and clear results. Calculate How Much provides explanations, examples, and assumptions to help you...",https://calchowmuch.com/math/standard-deviation/,60,159,calchowmuch.com,/math/standard-deviation/,true,true,true,true,Standard Deviation Calculator,29,false,false,,false,false,false,422,MISSING_JSONLD
public/math/statistics/index.html,https://calchowmuch.com/math/statistics/,Statistics Calculator | Calculate How Much Online Calculator,"Statistics Calculator calculator with fast inputs and clear results. Calculate How Much provides explanations, examples, and assumptions to help you plan con...",https://calchowmuch.com/math/statistics/,60,160,calchowmuch.com,/math/statistics/,true,true,true,true,Statistics Calculator,21,false,false,,false,false,false,452,MISSING_JSONLD
public/math/statistics/anova/index.html,https://calchowmuch.com/math/statistics/anova/,ANOVA Calculator | Calculate How Much Online Calculator,"ANOVA Calculator calculator with fast inputs and clear results. Calculate How Much provides explanations, examples, and assumptions to help you plan confiden...",https://calchowmuch.com/math/statistics/anova/,55,160,calchowmuch.com,/math/statistics/anova/,true,true,true,true,ANOVA Calculator,16,false,false,,false,false,false,386,MISSING_JSONLD
public/math/statistics/correlation/index.html,https://calchowmuch.com/math/statistics/correlation/,Correlation Calculator | Calculate How Much Online Calcul...,"Correlation Calculator calculator with fast inputs and clear results. Calculate How Much provides explanations, examples, and assumptions to help you plan co...",https://calchowmuch.com/math/statistics/correlation/,60,160,calchowmuch.com,/math/statistics/correlation/,true,true,true,true,Correlation Calculator,22,false,false,,false,false,false,450,MISSING_JSONLD
public/math/statistics/distribution/index.html,https://calchowmuch.com/math/statistics/distribution/,Distribution Calculator | Calculate How Much Online Calcu...,"Distribution Calculator calculator with fast inputs and clear results. Calculate How Much provides explanations, examples, and assumptions to help you plan c...",https://calchowmuch.com/math/statistics/distribution/,60,160,calchowmuch.com,/math/statistics/distribution/,true,true,true,true,Distribution Calculator,23,false,false,,false,false,false,437,MISSING_JSONLD
public/math/statistics/hypothesis-testing/index.html,https://calchowmuch.com/math/statistics/hypothesis-testing/,Hypothesis Testing | Calculate How Much Online Calculator,"Hypothesis Testing calculator with fast inputs and clear results. Calculate How Much provides explanations, examples, and assumptions to help you plan confid...",https://calchowmuch.com/math/statistics/hypothesis-testing/,57,160,calchowmuch.com,/math/statistics/hypothesis-testing/,true,true,true,true,Hypothesis Testing,18,false,false,,false,false,false,453,MISSING_JSONLD
public/math/statistics/regression-analysis/index.html,https://calchowmuch.com/math/statistics/regression-analysis/,Regression Analysis | Calculate How Much Online Calculator,"Regression Analysis calculator with fast inputs and clear results. Calculate How Much provides explanations, examples, and assumptions to help you plan confi...",https://calchowmuch.com/math/statistics/regression-analysis/,58,160,calchowmuch.com,/math/statistics/regression-analysis/,true,true,true,true,Regression Analysis,19,false,false,,false,false,false,407,MISSING_JSONLD
public/math/trigonometry/inverse-trig/index.html,https://calchowmuch.com/math/trigonometry/inverse-trig/,Inverse Trig Functions | Calculate How Much Online Calcul...,"Inverse Trig Functions calculator with fast inputs and clear results. Calculate How Much provides explanations, examples, and assumptions to help you plan co...",https://calchowmuch.com/math/trigonometry/inverse-trig/,60,160,calchowmuch.com,/math/trigonometry/inverse-trig/,true,true,true,true,Inverse Trig Functions,22,false,false,,false,false,false,270,MISSING_JSONLD
public/math/trigonometry/law-of-sines-cosines/index.html,https://calchowmuch.com/math/trigonometry/law-of-sines-cosines/,Law of Sines/Cosines Calculator | Calculate How Much Onli...,"Law of Sines/Cosines Calculator calculator with fast inputs and clear results. Calculate How Much provides explanations, examples, and assumptions to help yo...",https://calchowmuch.com/math/trigonometry/law-of-sines-cosines/,60,160,calchowmuch.com,/math/trigonometry/law-of-sines-cosines/,true,true,true,true,Law of Sines/Cosines Calculator,31,false,false,,false,false,false,289,MISSING_JSONLD
public/math/trigonometry/triangle-solver/index.html,https://calchowmuch.com/math/trigonometry/triangle-solver/,Triangle Solver | Calculate How Much Online Calculator,"Triangle Solver calculator with fast inputs and clear results. Calculate How Much provides explanations, examples, and assumptions to help you plan confidently.",https://calchowmuch.com/math/trigonometry/triangle-solver/,54,160,calchowmuch.com,/math/trigonometry/triangle-solver/,true,true,true,true,Triangle Solver,15,false,false,,false,false,false,299,MISSING_JSONLD
public/math/trigonometry/trig-functions/index.html,https://calchowmuch.com/math/trigonometry/trig-functions/,Trigonometric Functions | Calculate How Much Online Calcu...,"Trigonometric Functions calculator with fast inputs and clear results. Calculate How Much provides explanations, examples, and assumptions to help you plan c...",https://calchowmuch.com/math/trigonometry/trig-functions/,60,160,calchowmuch.com,/math/trigonometry/trig-functions/,true,true,true,true,Trigonometric Functions,23,false,false,,false,false,false,274,MISSING_JSONLD
public/math/trigonometry/unit-circle/index.html,https://calchowmuch.com/math/trigonometry/unit-circle/,Unit Circle Calculator | Calculate How Much Online Calcul...,"Unit Circle Calculator calculator with fast inputs and clear results. Calculate How Much provides explanations, examples, and assumptions to help you plan co...",https://calchowmuch.com/math/trigonometry/unit-circle/,60,160,calchowmuch.com,/math/trigonometry/unit-circle/,true,true,true,true,Unit Circle Calculator,22,false,false,,false,false,false,317,MISSING_JSONLD
public/math/z-score/index.html,https://calchowmuch.com/math/z-score/,Z-Score Calculator | Calculate How Much Online Calculator,"Z-Score Calculator calculator with fast inputs and clear results. Calculate How Much provides explanations, examples, and assumptions to help you plan confid...",https://calchowmuch.com/math/z-score/,57,160,calchowmuch.com,/math/z-score/,true,true,true,true,Z-Score Calculator,18,false,false,,false,false,false,413,MISSING_JSONLD
public/percentage-calculators/commission-calculator/index.html,https://calchowmuch.com/percentage-calculators/commission-calculator/,Commission Calculator – CalcHowMuch,Calculate commission from sales using a flat rate or optional tiers. Free commission calculator for commission % on sales and earnings.,https://calchowmuch.com/percentage-calculators/commission-calculator/,35,135,calchowmuch.com,/percentage-calculators/commission-calculator/,true,false,false,true,Commission Calculator,21,false,true,SoftwareApplication;BreadcrumbList,true,false,true,509,
public/percentage-calculators/discount-calculator/index.html,https://calchowmuch.com/percentage-calculators/discount-calculator/,Discount Calculator | Calculate How Much Online Calculator,"Discount Calculator calculator with fast inputs and clear results. Calculate How Much provides explanations, examples, and assumptions to help you plan confi...",https://calchowmuch.com/percentage-calculators/discount-calculator/,58,160,calchowmuch.com,/percentage-calculators/discount-calculator/,true,true,true,true,Discount Calculator,19,false,false,,false,false,false,496,MISSING_JSONLD;MISSING_BREADCRUMB_SCHEMA;MISSING_SOFTWAREAPP_SCHEMA
public/percentage-calculators/margin-calculator/index.html,https://calchowmuch.com/percentage-calculators/margin-calculator/,Margin Calculator – CalcHowMuch,"Calculate gross margin %, profit, and selling price instantly. Use our free margin calculator with simple formulas for pricing and profit.",https://calchowmuch.com/percentage-calculators/margin-calculator/,31,138,calchowmuch.com,/percentage-calculators/margin-calculator/,true,false,false,true,Margin Calculator,17,false,false,,false,false,false,537,MISSING_JSONLD;MISSING_BREADCRUMB_SCHEMA;MISSING_SOFTWAREAPP_SCHEMA
public/percentage-calculators/markup-calculator/index.html,https://calchowmuch.com/percentage-calculators/markup-calculator/,Markup Calculator | Calculate How Much Online Calculator,"Markup Calculator calculator with fast inputs and clear results. Calculate How Much provides explanations, examples, and assumptions to help you plan confide...",https://calchowmuch.com/percentage-calculators/markup-calculator/,56,160,calchowmuch.com,/percentage-calculators/markup-calculator/,true,true,true,true,Markup Calculator,17,false,false,,false,false,false,562,MISSING_JSONLD;MISSING_BREADCRUMB_SCHEMA;MISSING_SOFTWAREAPP_SCHEMA
public/percentage-calculators/percent-change-calculator/index.html,https://calchowmuch.com/percentage-calculators/percent-change-calculator/,Percent Change Calculator – CalcHowMuch,Calculate percent change from A to B with the correct +/− sign. Use our free percentage change calculator and formula instantly.,https://calchowmuch.com/percentage-calculators/percent-change-calculator/,39,128,calchowmuch.com,/percentage-calculators/percent-change-calculator/,true,false,false,true,Percent Change Calculator,25,false,false,,false,false,false,591,MISSING_JSONLD;MISSING_BREADCRUMB_SCHEMA;MISSING_SOFTWAREAPP_SCHEMA
public/percentage-calculators/percent-to-fraction-decimal-calculator/index.html,https://calchowmuch.com/percentage-calculators/percent-to-fraction-decimal-calculator/,Percent to Fraction & Decimal Converter – CalcHowMuch,Convert any percentage to a decimal and simplified fraction instantly. Free percent to fraction and percent to decimal converter with steps.,https://calchowmuch.com/percentage-calculators/percent-to-fraction-decimal-calculator/,53,140,calchowmuch.com,/percentage-calculators/percent-to-fraction-decimal-calculator/,true,false,false,true,Percent to Fraction & Decimal Converter,39,false,false,,false,false,false,525,MISSING_JSONLD;MISSING_BREADCRUMB_SCHEMA;MISSING_SOFTWAREAPP_SCHEMA
public/percentage-calculators/percentage-composition-calculator/index.html,https://calchowmuch.com/percentage-calculators/percentage-composition-calculator/,Percentage Composition Calculator – CalcHowMuch,Calculate each item's share as a percent of the total. Get a full percentage breakdown and remainder % with our free composition calculator.,https://calchowmuch.com/percentage-calculators/percentage-composition-calculator/,47,140,calchowmuch.com,/percentage-calculators/percentage-composition-calculator/,true,false,false,true,Percentage Composition Calculator,33,false,false,,false,false,false,547,MISSING_JSONLD;MISSING_BREADCRUMB_SCHEMA;MISSING_SOFTWAREAPP_SCHEMA
public/percentage-calculators/percentage-decrease-calculator/index.html,https://calchowmuch.com/percentage-calculators/percentage-decrease-calculator/,Percentage Decrease Calculator – CalcHowMuch,Calculate percentage decrease from an original value to a new value instantly. Use our free percent decrease calculator and formula.,https://calchowmuch.com/percentage-calculators/percentage-decrease-calculator/,44,132,calchowmuch.com,/percentage-calculators/percentage-decrease-calculator/,true,false,false,true,Percentage Decrease Calculator,30,false,false,,false,false,false,585,MISSING_JSONLD;MISSING_BREADCRUMB_SCHEMA;MISSING_SOFTWAREAPP_SCHEMA
public/percentage-calculators/percentage-difference-calculator/index.html,https://calchowmuch.com/percentage-calculators/percentage-difference-calculator/,Percentage Difference Calculator – CalcHowMuch,Calculate percentage difference between two values using a symmetric formula based on their average. Free percent difference calculator.,https://calchowmuch.com/percentage-calculators/percentage-difference-calculator/,46,136,calchowmuch.com,/percentage-calculators/percentage-difference-calculator/,true,false,false,true,Percentage Difference Calculator,32,false,false,,false,false,false,579,MISSING_JSONLD;MISSING_BREADCRUMB_SCHEMA;MISSING_SOFTWAREAPP_SCHEMA
public/percentage-calculators/percentage-finder-calculator/index.html,https://calchowmuch.com/percentage-calculators/percentage-finder-calculator/,What Percent Is X of Y | Calculate How Much Online Calcul...,"What Percent Is X of Y calculator with fast inputs and clear results. Calculate How Much provides explanations, examples, and assumptions to help you plan co...",https://calchowmuch.com/percentage-calculators/percentage-finder-calculator/,60,160,calchowmuch.com,/percentage-calculators/percentage-finder-calculator/,true,true,true,true,What Percent Is X of Y,22,false,false,,false,false,false,396,MISSING_JSONLD;MISSING_BREADCRUMB_SCHEMA;MISSING_SOFTWAREAPP_SCHEMA;LOW_WORD_COUNT
public/percentage-calculators/percentage-increase-calculator/index.html,https://calchowmuch.com/percentage-calculators/percentage-increase-calculator/,Percentage Increase Calculator – CalcHowMuch,Calculate percentage increase from an original value to a new value instantly. Use our free percent increase calculator and formula.,https://calchowmuch.com/percentage-calculators/percentage-increase-calculator/,44,132,calchowmuch.com,/percentage-calculators/percentage-increase-calculator/,true,false,false,true,Percentage Increase Calculator,30,false,false,,false,false,false,583,MISSING_JSONLD;MISSING_BREADCRUMB_SCHEMA;MISSING_SOFTWAREAPP_SCHEMA
public/percentage-calculators/percentage-of-a-number-calculator/index.html,https://calchowmuch.com/percentage-calculators/percentage-of-a-number-calculator/,Find Percentage of a Number Calculator – CalcHowMuch,"Calculate what X% of Y is instantly. Use our free Find Percentage of a Number calculator for fast, accurate results.",https://calchowmuch.com/percentage-calculators/percentage-of-a-number-calculator/,52,116,calchowmuch.com,/percentage-calculators/percentage-of-a-number-calculator/,true,false,false,true,Find Percentage of a Number Calculator,38,false,false,,false,false,false,457,DESC_TOO_SHORT;MISSING_JSONLD;MISSING_BREADCRUMB_SCHEMA;MISSING_SOFTWAREAPP_SCHEMA
public/percentage-calculators/reverse-percentage-calculator/index.html,https://calchowmuch.com/percentage-calculators/reverse-percentage-calculator/,Reverse Percentage | Calculate How Much Online Calculator,"Reverse Percentage calculator with fast inputs and clear results. Calculate How Much provides explanations, examples, and assumptions to help you plan confid...",https://calchowmuch.com/percentage-calculators/reverse-percentage-calculator/,57,160,calchowmuch.com,/percentage-calculators/reverse-percentage-calculator/,true,true,true,true,Reverse Percentage,18,false,false,,false,false,false,497,MISSING_JSONLD;MISSING_BREADCRUMB_SCHEMA;MISSING_SOFTWAREAPP_SCHEMA
public/privacy/index.html,https://calchowmuch.com/privacy/,Privacy Policy | Calculate How Much - Data & Cookies,"Learn how Calculate How Much handles analytics, cookies, and data privacy when you use our calculators and informational pages, plus how to manage preferences.",https://calchowmuch.com/privacy/,52,159,calchowmuch.com,/privacy/,true,true,true,true,Privacy Policy,14,false,false,,false,false,false,746,MISSING_JSONLD
public/terms-and-conditions/index.html,https://calchowmuch.com/terms-and-conditions/,Terms & Conditions | Calculate How Much - Usage & Liability,"Review the terms and conditions for using Calculate How Much calculators, including accuracy limitations, permitted use, updates, and content ownership.",https://calchowmuch.com/terms-and-conditions/,59,152,calchowmuch.com,/terms-and-conditions/,true,true,true,true,Terms & Conditions,18,false,false,,false,false,false,937,MISSING_JSONLD
public/time-and-date/age-calculator/index.html,https://calchowmuch.com/time-and-date/age-calculator/,Age Calculator | Calculate How Much Online Calculator,"Age Calculator calculator with fast inputs and clear results. Calculate How Much provides explanations, examples, and assumptions to help you plan confidently.",https://calchowmuch.com/time-and-date/age-calculator/,53,159,calchowmuch.com,/time-and-date/age-calculator/,true,true,true,true,Age Calculator,14,false,false,,false,false,false,543,MISSING_JSONLD;MISSING_BREADCRUMB_SCHEMA;MISSING_SOFTWAREAPP_SCHEMA
public/time-and-date/birthday-day-of-week/index.html,https://calchowmuch.com/time-and-date/birthday-day-of-week/,Birthday Day-of-Week Calculator – What Day Were You Born?,"Find the day of the week you were born on, and see what weekday your birthday falls on in any year. Simple, fast, and free.",https://calchowmuch.com/time-and-date/birthday-day-of-week/,57,123,calchowmuch.com,/time-and-date/birthday-day-of-week/,false,false,false,true,Birthday Day-of-Week Calculator,31,false,false,,false,false,false,561,MISSING_JSONLD
public/time-and-date/countdown-timer-generator/index.html,https://calchowmuch.com/time-and-date/countdown-timer-generator/,Countdown Timer Generator | Calculate How Much Online Cal...,"Countdown Timer Generator calculator with fast inputs and clear results. Calculate How Much provides explanations, examples, and assumptions to help you plan...",https://calchowmuch.com/time-and-date/countdown-timer-generator/,60,160,calchowmuch.com,/time-and-date/countdown-timer-generator/,true,true,true,true,Countdown Timer Generator,25,false,false,,false,false,false,357,MISSING_JSONLD
public/time-and-date/days-until-a-date-calculator/index.html,https://calchowmuch.com/time-and-date/days-until-a-date-calculator/,Days Until a Date Calculator | Calculate How Much Online...,"Days Until a Date Calculator calculator with fast inputs and clear results. Calculate How Much provides explanations, examples, and assumptions to help you p...",https://calchowmuch.com/time-and-date/days-until-a-date-calculator/,59,160,calchowmuch.com,/time-and-date/days-until-a-date-calculator/,true,true,true,true,Days Until a Date Calculator,28,false,false,,false,false,false,345,MISSING_JSONLD;MISSING_BREADCRUMB_SCHEMA;MISSING_SOFTWAREAPP_SCHEMA;LOW_WORD_COUNT
public/time-and-date/energy-based-nap-selector/index.html,https://calchowmuch.com/time-and-date/energy-based-nap-selector/,Energy-Based Nap Selector | Calculate How Much Online Cal...,"Energy-Based Nap Selector calculator with fast inputs and clear results. Calculate How Much provides explanations, examples, and assumptions to help you plan...",https://calchowmuch.com/time-and-date/energy-based-nap-selector/,60,160,calchowmuch.com,/time-and-date/energy-based-nap-selector/,true,true,true,true,Energy-Based Nap Selector,25,false,false,,false,false,false,520,MISSING_JSONLD
public/time-and-date/nap-time-calculator/index.html,https://calchowmuch.com/time-and-date/nap-time-calculator/,Nap Time Calculator – Find the Best Time to Wake Up | CalcHowMuch,"Calculate the best nap length and wake-up time. Plan quick naps, power naps, or longer naps without grogginess.",https://calchowmuch.com/time-and-date/nap-time-calculator/,65,111,calchowmuch.com,/time-and-date/nap-time-calculator/,true,false,true,true,Nap Time Calculator,19,false,true,WebSite;Organization;WebPage;SoftwareApplication;FAQPage;BreadcrumbList,true,true,true,472,TITLE_TOO_LONG;DESC_TOO_SHORT
public/time-and-date/overtime-hours-calculator/index.html,https://calchowmuch.com/time-and-date/overtime-hours-calculator/,Overtime Hours Calculator – Regular Hours vs Overtime (Daily & Weekly),"Calculate total work hours and split them into regular and overtime hours. Supports single shifts, split shifts, custom weekly cycles, night shifts, and night overtime.",https://calchowmuch.com/time-and-date/overtime-hours-calculator/,70,168,calchowmuch.com,/time-and-date/overtime-hours-calculator/,false,false,false,true,Overtime Hours Calculator,25,false,false,,false,false,false,1102,TITLE_TOO_LONG;DESC_TOO_LONG;MISSING_JSONLD;MISSING_BREADCRUMB_SCHEMA;MISSING_SOFTWAREAPP_SCHEMA
public/time-and-date/power-nap-calculator/index.html,https://calchowmuch.com/time-and-date/power-nap-calculator/,Power Nap Calculator – Best Nap Length and Wake-Up Time,"Calculate the best wake-up time for power naps. See options for 10, 20, 30, 60, and 90-minute naps with recommended durations.",https://calchowmuch.com/time-and-date/power-nap-calculator/,55,126,calchowmuch.com,/time-and-date/power-nap-calculator/,false,false,false,true,Power Nap Calculator,20,false,true,WebSite;Organization;WebPage;SoftwareApplication;FAQPage;BreadcrumbList,true,true,true,596,
public/time-and-date/sleep-time-calculator/index.html,https://calchowmuch.com/time-and-date/sleep-time-calculator/,Sleep Time Calculator - Bedtime and Wake-Up by Sleep Cycles,"Find ideal bedtimes or wake-up times using 90-minute sleep cycles and a fall-asleep buffer. Compare 4, 5, and 6-cycle options with clear explanations and FAQs.",https://calchowmuch.com/time-and-date/sleep-time-calculator/,59,159,calchowmuch.com,/time-and-date/sleep-time-calculator/,false,false,true,true,Sleep Time Calculator,21,false,true,WebSite;Organization;WebPage;SoftwareApplication;FAQPage;BreadcrumbList,true,true,true,700,
public/time-and-date/time-between-two-dates-calculator/index.html,https://calchowmuch.com/time-and-date/time-between-two-dates-calculator/,Time Between Two Dates Calculator | Calculate How Much On...,"Time Between Two Dates Calculator calculator with fast inputs and clear results. Calculate How Much provides explanations, examples, and assumptions to help...",https://calchowmuch.com/time-and-date/time-between-two-dates-calculator/,60,159,calchowmuch.com,/time-and-date/time-between-two-dates-calculator/,true,true,true,true,Time Between Two Dates Calculator,33,false,false,,false,false,false,439,MISSING_JSONLD;MISSING_BREADCRUMB_SCHEMA;MISSING_SOFTWAREAPP_SCHEMA
public/time-and-date/wake-up-time-calculator/index.html,https://calchowmuch.com/time-and-date/wake-up-time-calculator/,Wake-Up Time Calculator – Best Times to Wake Up | CalcHowMuch,"Calculate wake-up times using 90-minute sleep cycles. Enter your bedtime and get clear 4, 5, and 6 cycle wake-up recommendations.",https://calchowmuch.com/time-and-date/wake-up-time-calculator/,61,129,calchowmuch.com,/time-and-date/wake-up-time-calculator/,true,false,true,true,Wake-Up Time Calculator,23,false,true,WebSite;Organization;WebPage;SoftwareApplication;FAQPage;BreadcrumbList,true,true,true,538,TITLE_TOO_LONG
public/time-and-date/work-hours-calculator/index.html,https://calchowmuch.com/time-and-date/work-hours-calculator/,Work Hours Calculator – Calculate Hours Worked (With Breaks),"Calculate total hours worked between start and end times, subtract breaks, and view results in hours and decimal format. Simple, fast, and free.",https://calchowmuch.com/time-and-date/work-hours-calculator/,60,144,calchowmuch.com,/time-and-date/work-hours-calculator/,false,false,false,true,Work Hours Calculator,21,false,false,,false,false,false,579,MISSING_JSONLD;MISSING_BREADCRUMB_SCHEMA;MISSING_SOFTWAREAPP_SCHEMA
