calculator_name,page_title,meta_description,title_length,meta_description_length,canonical_path,title_has_brand,description_has_brand,title_has_pipe_or_dash,has_h1,h1_text,h1_length,title_equals_h1,has_schema_jsonld,schema_types,has_breadcrumb_schema,has_faq_schema,has_softwareapp_schema,word_count_estimate,issues
Sitemap.xml,,,0,0,,false,false,false,false,,0,false,false,,false,false,false,1167,MISSING_CANONICAL;MISSING_TITLE;MISSING_META_DESCRIPTION;MISSING_H1;MISSING_JSONLD
"All Calculators — Finance, Loan, Mortgage & Math Tools","All Calculators — Mortgage, Loan, Finance & Math Tools (Free & Easy)","Quick calculations for everyday numbers. Explore calculator clusters and launch focused tools for math, finance, loans, time, and percentage planning.",68,150,/,false,false,false,true,"All Calculators — Finance, Loan, Mortgage & Math Tools",54,false,true,Organization;WebSite;WebPage;FAQPage,false,true,false,254,TITLE_TOO_LONG
All Calculators,All Calculators | Calculate How Much Online Calculator Hub,"Browse every calculator on Calculate How Much, organized by category with direct links to launch each tool and explore related finance or math topics.",58,150,/calculators/,true,true,true,true,All Calculators,15,false,true,WebSite;Organization;CollectionPage;SoftwareApplication;BreadcrumbList,true,false,true,371,LOW_WORD_COUNT
Auto Loan Comparison Calculator,Auto Loan Comparison Calculator | Compare 2 Loans,"Compare two auto loans by monthly payment, total interest, total paid, and payoff timing to see which offer costs less.",49,119,/car-loan-calculators/auto-loan-calculator/,false,false,true,true,Auto Loan Comparison Calculator,31,false,true,SoftwareApplication;BreadcrumbList,true,false,true,1209,DESC_TOO_SHORT
PCP Car Finance Calculator,"PCP Calculator | Monthly Payment, GFV & Cost","Estimate PCP payments, GFV, option fee, total interest, and total payable using price, deposit, APR, and term.",44,110,/car-loan-calculators/pcp-calculator/,false,false,true,true,PCP Car Finance Calculator,26,false,true,SoftwareApplication;BreadcrumbList,true,false,true,1282,DESC_TOO_SHORT
Compound Interest Calculator,Compound Interest Calculator | Ending Balance & Growth,"Estimate ending balance, total contributions, and compound growth using starting amount, rate, time, and compounding.",54,117,/finance-calculators/compound-interest-calculator/,false,false,true,true,Compound Interest Calculator,28,false,true,WebSite;Organization;WebPage;SoftwareApplication;FAQPage;BreadcrumbList,true,true,true,1362,DESC_TOO_SHORT
Future Value of Annuity Calculator,Future Value of Annuity Calculator | Ordinary or Due,"Estimate the future value of an annuity using payment amount, growth rate, periods, and annuity timing.",52,103,/finance-calculators/future-value-of-annuity-calculator/,false,false,true,true,Future Value of Annuity Calculator,34,false,true,WebSite;Organization;WebPage;SoftwareApplication;FAQPage;BreadcrumbList,true,true,true,1531,DESC_TOO_SHORT
Inflation Calculator,Inflation Calculator – CPI-Based Value & Purchasing Power Over Time | CalcHowMuch,"Compare how much an amount from one month and year is worth in another using U.S. CPI data. See equivalent value, cumulative inflation, and annualized inflation.",81,161,/finance-calculators/inflation-calculator/,true,false,true,true,Inflation Calculator,20,false,true,WebSite;Organization;WebPage;SoftwareApplication;FAQPage;BreadcrumbList,true,true,true,1763,TITLE_TOO_LONG;DESC_TOO_LONG
Present Value Calculator,Present Value Calculator | Discount Future Money,"Estimate the present value of future money using discount rate, time period, and compounding frequency.",48,103,/finance-calculators/present-value-calculator/,false,false,true,true,Present Value Calculator,24,false,true,WebSite;Organization;WebPage;SoftwareApplication;FAQPage;BreadcrumbList,true,true,true,1680,DESC_TOO_SHORT
Present Value of Annuity Calculator,Present Value of Annuity Calculator | Ordinary or Due,"Estimate the present value of an annuity using payment amount, discount rate, periods, and annuity timing.",53,106,/finance-calculators/present-value-of-annuity-calculator/,false,false,true,true,Present Value of Annuity Calculator,35,false,true,WebSite;Organization;WebPage;SoftwareApplication;FAQPage;BreadcrumbList,true,true,true,1454,DESC_TOO_SHORT
Simple Interest Calculator,Simple Interest Calculator | Interest & Final Amount,"Estimate simple interest, total interest, and ending amount using principal, rate, and time period.",52,99,/finance-calculators/simple-interest-calculator/,false,false,true,true,Simple Interest Calculator,26,false,true,WebSite;Organization;WebPage;SoftwareApplication;FAQPage;BreadcrumbList,true,true,true,1887,DESC_TOO_SHORT
Home Loan Calculator,Home Loan Calculator | Mortgage Payment Planner | CalcHowMuch,"Estimate monthly mortgage payments, amortization, payoff timeline, and interest savings from extra payments with our free Home Loan Calculator.",61,143,/loan-calculators/mortgage-calculator/,true,false,true,true,Home Loan Calculator,20,false,true,WebSite;Organization;WebPage;SoftwareApplication;FAQPage;BreadcrumbList,true,true,true,2150,TITLE_TOO_LONG
Personal Loan Calculator,"Personal Loan Calculator - Monthly Payment, Interest & Total Cost | CalcHowMuch","Calculate personal loan monthly payments, total interest, and payoff time. Add extra monthly payments to see interest savings and early payoff.",79,143,/loan-calculators/personal-loan-calculator/,true,false,true,true,Personal Loan Calculator,24,false,true,WebSite;Organization;WebPage;SoftwareApplication;FAQPage;BreadcrumbList,true,true,true,1350,TITLE_TOO_LONG
Factoring Calculator,Factoring Calculator | Polynomial Factoring Steps | CalcHowMuch,"Factor algebraic expressions using GCF, quadratic factoring, difference of squares, cubes, and grouping with readable result steps.",63,131,/math/algebra/factoring/,true,false,true,true,Factoring Calculator,20,false,true,WebSite;Organization;WebPage;SoftwareApplication;FAQPage;BreadcrumbList,true,true,true,868,TITLE_TOO_LONG
Polynomial Operations Calculator,Polynomial Operations Calculator | Add Subtract Multiply Divide,"Perform polynomial addition, subtraction, multiplication, and division with quotient and remainder outputs and clear operation summaries.",63,137,/math/algebra/polynomial-operations/,false,false,true,true,Polynomial Operations Calculator,32,false,true,WebSite;Organization;WebPage;SoftwareApplication;FAQPage;BreadcrumbList,true,true,true,779,TITLE_TOO_LONG
Basic Calculator,"Basic Calculator | Add, Subtract, Multiply and Divide | CalcHowMuch","Add, subtract, multiply, or divide everyday numbers in one clean answer-first basic calculator with support for extra inputs and memory tools.",67,142,/math/basic/,true,false,true,true,Basic Calculator,16,false,true,WebSite;Organization;WebPage;SoftwareApplication;FAQPage;BreadcrumbList,true,true,true,665,TITLE_TOO_LONG
Critical Points Finder,"Critical Points Finder | Maxima, Minima and Inflection Scan | CalcHowMuch","Find critical points, classify local maxima and minima, and surface inflection candidates in a light answer-first calculus layout built for quick curve analysis.",73,161,/math/calculus/critical-points/,true,false,true,true,Critical Points Finder,22,false,true,WebSite;Organization;WebPage;SoftwareApplication;FAQPage;BreadcrumbList,true,true,true,856,TITLE_TOO_LONG;DESC_TOO_LONG
Derivative Calculator,Derivative Calculator | Symbolic Derivative and Point Evaluation | CalcHowMuch,"Find a symbolic derivative, repeat the derivative order, and evaluate the result at one point in a light answer-first calculus layout.",78,134,/math/calculus/derivative/,true,false,true,true,Derivative Calculator,21,false,true,WebSite;Organization;WebPage;SoftwareApplication;FAQPage;BreadcrumbList,true,true,true,883,TITLE_TOO_LONG
Integral Calculator,Integral Calculator | Antiderivative and Definite Value | CalcHowMuch,Find an antiderivative or a definite integral value in a light answer-first calculus layout built for quick power-rule checks.,69,126,/math/calculus/integral/,true,false,true,true,Integral Calculator,19,false,true,WebSite;Organization;WebPage;SoftwareApplication;FAQPage;BreadcrumbList,true,true,true,841,TITLE_TOO_LONG
Limit Calculator,"Limit Calculator | Direct, One-Sided and Infinity Limits | CalcHowMuch","Check direct, one-sided, and infinity limits in a light answer-first calculus layout built for quick continuity and approach-value checks.",70,138,/math/calculus/limit/,true,false,true,true,Limit Calculator,16,false,true,WebSite;Organization;WebPage;SoftwareApplication;FAQPage;BreadcrumbList,true,true,true,874,TITLE_TOO_LONG
Series Convergence Calculator,"Series Convergence Calculator | Ratio, Root and Comparison Tests | CalcHowMuch","Check whether an infinite series converges with ratio, root, and comparison tests in a light answer-first calculus layout that keeps the verdict and reasoning together.",78,168,/math/calculus/series-convergence/,true,false,true,true,Series Convergence Calculator,29,false,true,WebSite;Organization;WebPage;SoftwareApplication;FAQPage;BreadcrumbList,true,true,true,850,TITLE_TOO_LONG;DESC_TOO_LONG
Confidence Interval Calculator,Confidence Interval Calculator | Mean and Proportion Interval Estimator | CalcHowMuch,Estimate confidence intervals for sample proportions or known-sigma means in a light answer-first statistics layout with bounds and margin of error together.,85,157,/math/confidence-interval/,true,false,true,true,Confidence Interval Calculator,30,false,true,WebSite;Organization;WebPage;SoftwareApplication;FAQPage;BreadcrumbList,true,true,true,680,TITLE_TOO_LONG
Fraction Calculator,"Fraction Calculator - Add, Subtract, Multiply, Divide & Simplify | CalcHowMuch","Use this free fraction calculator to add, subtract, multiply, divide, simplify, and convert fractions with clear worked steps for students.",78,139,/math/fraction-calculator/,true,false,true,true,Fraction Calculator,19,false,true,WebSite;Organization;WebPage;SoftwareApplication;FAQPage;BreadcrumbList,true,true,true,1038,TITLE_TOO_LONG
Common Log Calculator,"Common Log Calculator | Base 10, Base 2 and Custom Logs | CalcHowMuch","Compute base-10, base-2, base-e, or custom logarithms with an answer-first layout that compares change-of-base results and shows the selected log curve.",69,152,/math/log/common-log/,true,false,true,true,Common Log Calculator,21,false,true,WebSite;Organization;WebPage;SoftwareApplication;FAQPage;BreadcrumbList,true,true,true,914,TITLE_TOO_LONG
Exponential Equation Solver,Exponential Equation Solver | Solve base^(m·x + c) = target | CalcHowMuch,"Solve exponential equations in an answer-first layout that shows the logarithmic rearrangement, solved x value, and a graph checkpoint on the curve.",73,148,/math/log/exponential-equations/,true,false,true,true,Exponential Equation Solver,27,false,true,WebSite;Organization;WebPage;SoftwareApplication;FAQPage;BreadcrumbList,true,true,true,853,TITLE_TOO_LONG
Logarithm Properties Calculator,"Logarithm Properties Calculator | Product, Quotient and Power Rules | CalcHowMuch","Check the product, quotient, and power log rules in an answer-first layout that pairs each numeric result with the matching symbolic rewrite.",81,141,/math/log/log-properties/,true,false,true,true,Logarithm Properties Calculator,31,false,true,WebSite;Organization;WebPage;SoftwareApplication;FAQPage;BreadcrumbList,true,true,true,886,TITLE_TOO_LONG
Log Scale Converter,"Log Scale Converter | Decibel, pH and Richter Inputs | CalcHowMuch","Convert decibel, pH, and Richter-scale inputs in an answer-first layout that keeps the result, formula, and plain-language interpretation together.",66,147,/math/log/log-scale/,true,false,true,true,Log Scale Converter,19,false,true,WebSite;Organization;WebPage;SoftwareApplication;FAQPage;BreadcrumbList,true,true,true,873,TITLE_TOO_LONG
Mean Median Mode Range Calculator,Mean Median Mode Range Calculator | Dataset Summary Statistics | CalcHowMuch,"Turn one dataset into mean, median, mode, minimum, maximum, and range in a light answer-first statistics layout built for quick descriptive checks.",76,147,/math/mean-median-mode-range/,true,false,true,true,Mean Median Mode Range Calculator,33,false,true,WebSite;Organization;WebPage;SoftwareApplication;FAQPage;BreadcrumbList,true,true,true,698,TITLE_TOO_LONG
Number Sequence Calculator,Number Sequence Calculator | Arithmetic and Geometric Terms | CalcHowMuch,"Identify arithmetic or geometric patterns, calculate the nth term, and preview future values in a light answer-first sequence calculator.",73,137,/math/number-sequence/,true,false,true,true,Number Sequence Calculator,26,false,true,WebSite;Organization;WebPage;SoftwareApplication;FAQPage;BreadcrumbList,true,true,true,730,TITLE_TOO_LONG
Permutation & Combination Calculator,"Permutation & Combination Calculator | nPr, nCr and Factorial | CalcHowMuch","Calculate permutations, combinations, and factorial values in a light answer-first counting calculator built for quick exact-integer results.",75,141,/math/permutation-combination/,true,false,true,true,Permutation & Combination Calculator,36,false,true,WebSite;Organization;WebPage;SoftwareApplication;FAQPage;BreadcrumbList,true,true,true,687,TITLE_TOO_LONG
Probability Calculator,"Probability Calculator | Event Odds, Bayes and Binomial Checks | CalcHowMuch","Calculate single-event, combined-event, conditional, Bayes, and binomial probabilities in a light answer-first probability calculator.",76,134,/math/probability/,true,false,true,true,Probability Calculator,22,false,true,WebSite;Organization;WebPage;SoftwareApplication;FAQPage;BreadcrumbList,true,true,true,802,TITLE_TOO_LONG
Sample Size Calculator,Sample Size Calculator — Proportion & Mean Study Planner | CalcHowMuch,"Plan your study sample size for proportions or means with confidence intervals, finite-population correction, worked examples, formulas, and research-ready guidance.",70,165,/math/sample-size/,true,false,true,true,Sample Size Calculator,22,false,true,WebSite;Organization;WebPage;SoftwareApplication;FAQPage;BreadcrumbList,true,true,true,1771,TITLE_TOO_LONG;DESC_TOO_LONG
Standard Deviation Calculator,Standard Deviation Calculator | Sample and Population Spread | CalcHowMuch,"Measure sample or population spread with standard deviation, variance, and mean outputs in a light answer-first statistics layout.",74,130,/math/standard-deviation/,true,false,true,true,Standard Deviation Calculator,29,false,true,WebSite;Organization;WebPage;SoftwareApplication;FAQPage;BreadcrumbList,true,true,true,667,TITLE_TOO_LONG
Statistics Calculator,Statistics Calculator | Full Descriptive Summary | CalcHowMuch,"Calculate a full descriptive statistics summary with centre, spread, variance, and standard deviation in a light answer-first layout.",62,133,/math/statistics/,true,false,true,true,Statistics Calculator,21,false,true,WebSite;Organization;WebPage;SoftwareApplication;FAQPage;BreadcrumbList,true,true,true,753,TITLE_TOO_LONG
ANOVA Calculator,ANOVA Calculator | One-Way F-Test and Effect Size | CalcHowMuch,"Compare multiple group means with one-way ANOVA, F-statistic, p-value, and effect sizes in a light answer-first statistics layout.",63,130,/math/statistics/anova/,true,false,true,true,ANOVA Calculator,16,false,true,WebSite;Organization;WebPage;SoftwareApplication;FAQPage;BreadcrumbList,true,true,true,791,TITLE_TOO_LONG
Correlation Calculator,"Correlation Calculator | Pearson, Spearman and Kendall | CalcHowMuch","Measure Pearson, Spearman, and Kendall correlation with significance checks in a light answer-first statistics layout.",68,118,/math/statistics/correlation/,true,false,true,true,Correlation Calculator,22,false,true,WebSite;Organization;WebPage;SoftwareApplication;FAQPage;BreadcrumbList,true,true,true,726,TITLE_TOO_LONG;DESC_TOO_SHORT
Distribution Calculator,"Distribution Calculator | Normal, t, Chi-Square and F Values | CalcHowMuch","Calculate CDF, PDF, and quantile values for normal, Student's t, chi-square, and F distributions in a light answer-first statistics layout.",74,139,/math/statistics/distribution/,true,false,true,true,Distribution Calculator,23,false,true,WebSite;Organization;WebPage;SoftwareApplication;FAQPage;BreadcrumbList,true,true,true,760,TITLE_TOO_LONG
Hypothesis Testing,"Hypothesis Testing | t-Tests, Chi-Square and p-Value Checks | CalcHowMuch","Run one-sample, two-sample, paired, and chi-square hypothesis tests with p-values, intervals, and effect sizes in a light answer-first statistics layout.",73,153,/math/statistics/hypothesis-testing/,true,false,true,true,Hypothesis Testing,18,false,true,WebSite;Organization;WebPage;SoftwareApplication;FAQPage;BreadcrumbList,true,true,true,861,TITLE_TOO_LONG
Regression Analysis,"Regression Analysis | Linear, Polynomial and Exponential Fit | CalcHowMuch","Fit linear, polynomial, exponential, and logarithmic models with goodness-of-fit metrics in a light answer-first statistics layout.",74,131,/math/statistics/regression-analysis/,true,false,true,true,Regression Analysis,19,false,true,WebSite;Organization;WebPage;SoftwareApplication;FAQPage;BreadcrumbList,true,true,true,768,TITLE_TOO_LONG
Inverse Trig Functions Calculator,"Inverse Trig Functions Calculator | arcsin, arccos and arctan | CalcHowMuch","Find arcsin, arccos, and arctan principal values plus every matching solution in a custom degree or radian interval with a light answer-first trig layout.",75,154,/math/trigonometry/inverse-trig/,true,false,true,true,Inverse Trig Functions Calculator,33,false,true,WebSite;Organization;WebPage;SoftwareApplication;FAQPage;BreadcrumbList,true,true,true,811,TITLE_TOO_LONG
Law of Sines and Cosines Calculator,Law of Sines and Cosines Calculator | Triangle Solver | CalcHowMuch,"Solve missing triangle sides, angles, and area with an answer-first Law of Sines and Cosines calculator that recommends the correct trig law and shows a live diagram.",67,166,/math/trigonometry/law-of-sines-cosines/,true,false,true,true,Law of Sines and Cosines Calculator,35,false,true,WebSite;Organization;WebPage;SoftwareApplication;FAQPage;BreadcrumbList,true,true,true,957,TITLE_TOO_LONG;DESC_TOO_LONG
Trigonometric Functions Calculator,"Trigonometric Functions Calculator | sin, cos, tan and Reciprocals | CalcHowMuch","Check sin, cos, tan, sec, csc, and cot at one angle with special-angle labels, graph controls, worked examples, and a light answer-first trig layout.",80,149,/math/trigonometry/trig-functions/,true,false,true,true,Trigonometric Functions Calculator,34,false,true,WebSite;Organization;WebPage;SoftwareApplication;FAQPage;BreadcrumbList,true,true,true,922,TITLE_TOO_LONG
Unit Circle Calculator,"Unit Circle Calculator | Angles, Quadrants and Trig Values | CalcHowMuch","Explore unit circle angles in degrees or radians with quadrant, reference angle, and exact sine, cosine, and tangent values.",72,124,/math/trigonometry/unit-circle/,true,false,true,true,Unit Circle Calculator,22,false,true,WebSite;Organization;WebPage;SoftwareApplication;FAQPage;BreadcrumbList,true,true,true,809,TITLE_TOO_LONG
Z-Score Calculator,Z-Score Calculator | Standard Score and Interpretation | CalcHowMuch,Convert a raw value into a z-score and plain-language interpretation in a light answer-first statistics layout built for quick standard-score checks.,68,149,/math/z-score/,true,false,true,true,Z-Score Calculator,18,false,true,WebSite;Organization;WebPage;SoftwareApplication;FAQPage;BreadcrumbList,true,true,true,651,TITLE_TOO_LONG
Percent to Fraction & Decimal Converter,Percent to Fraction and Decimal Calculator | Convert %,Convert a percentage into a decimal and simplified fraction using the standard divide-by-100 method.,54,100,/percentage-calculators/percent-to-fraction-decimal-calculator/,false,false,true,true,Percent to Fraction & Decimal Converter,39,false,true,SoftwareApplication;BreadcrumbList,true,false,true,911,DESC_TOO_SHORT
Percentage Composition Calculator,Percentage Composition Calculator | Share of Total,Calculate each item's share of a total and the remainder percentage from a known or calculated total.,50,101,/percentage-calculators/percentage-composition-calculator/,false,false,true,true,Percentage Composition Calculator,33,false,true,SoftwareApplication;BreadcrumbList,true,false,true,824,DESC_TOO_SHORT
Percentage Decrease Calculator,Percentage Decrease Calculator | Drop from Original,Calculate how much a value decreased from its original amount using the standard percentage drop formula.,51,105,/percentage-calculators/percentage-decrease-calculator/,false,true,true,true,Percentage Decrease Calculator,30,false,true,SoftwareApplication;BreadcrumbList,true,false,true,794,DESC_TOO_SHORT
Percentage Difference Calculator,Percentage Difference Calculator | Compare Two Values,Calculate the symmetric percentage difference between two values using their average as the baseline.,53,101,/percentage-calculators/percentage-difference-calculator/,false,false,true,true,Percentage Difference Calculator,32,false,true,SoftwareApplication;BreadcrumbList,true,false,true,806,DESC_TOO_SHORT
What Percent Is X of Y,What Percent Is X of Y | Calculate How Much Online Calculator,"What Percent Is X of Y calculator with fast inputs and clear results. Calculate How Much provides explanations, examples, and assumptions to help you plan confidently.",61,167,/percentage-calculators/percentage-finder-calculator/,true,true,true,true,What Percent Is X of Y,22,false,true,SoftwareApplication;BreadcrumbList,true,false,true,1178,TITLE_TOO_LONG;DESC_TOO_LONG
Percentage Increase Calculator,Percentage Increase Calculator | Growth from Original,Calculate how much a value increased from its original amount using the standard percentage growth formula.,53,107,/percentage-calculators/percentage-increase-calculator/,false,true,true,true,Percentage Increase Calculator,30,false,true,SoftwareApplication;BreadcrumbList,true,false,true,779,DESC_TOO_SHORT
Find Percentage of a Number Calculator,Find Percentage of a Number Calculator – CalcHowMuch,"Calculate what X% of Y is instantly. Use our free Find Percentage of a Number calculator for fast, accurate results.",52,116,/percentage-calculators/percentage-of-a-number-calculator/,true,false,false,true,Find Percentage of a Number Calculator,38,false,true,SoftwareApplication;BreadcrumbList,true,false,true,693,DESC_TOO_SHORT
Reverse Percentage,Reverse Percentage | Calculate How Much Online Calculator,"Reverse Percentage calculator with fast inputs and clear results. Calculate How Much provides explanations, examples, and assumptions to help you plan confidently.",57,163,/percentage-calculators/reverse-percentage-calculator/,true,true,true,true,Reverse Percentage,18,false,true,SoftwareApplication;BreadcrumbList,true,false,true,898,DESC_TOO_LONG
Pricing Calculators,"Pricing Calculators | Discount, Margin, Markup and Commission","Browse pricing calculators for discount, markup, margin, and commission with the shared answer-first shell.",61,107,/pricing-calculators/,false,false,true,true,Pricing Calculators,19,false,true,SoftwareApplication;BreadcrumbList,true,false,true,79,TITLE_TOO_LONG;DESC_TOO_SHORT;LOW_WORD_COUNT
Discount Calculator,Discount Calculator | Sale Price and Savings,Calculate the sale price after a percentage discount and see exactly how much you save.,44,87,/pricing-calculators/discount-calculator/,false,false,true,true,Discount Calculator,19,false,true,SoftwareApplication;BreadcrumbList,true,false,true,446,DESC_TOO_SHORT
Markup Calculator,Markup Calculator | Cost to Selling Price,"Calculate selling price from cost and markup, or find markup percentage from cost and price.",41,92,/pricing-calculators/markup-calculator/,false,false,true,true,Markup Calculator,17,false,true,SoftwareApplication;BreadcrumbList,true,false,true,525,DESC_TOO_SHORT
Salary Calculators,"Salary Calculators | Pay Conversion, Overtime, Bonus and Raise Tools","Explore salary calculators for hourly to salary conversion, annual and monthly pay, overtime, raises, bonuses, and commission estimates.",68,136,/salary-calculators/,false,false,true,true,Salary Calculators,18,false,true,WebSite;Organization;CollectionPage;SoftwareApplication;BreadcrumbList,true,false,true,456,TITLE_TOO_LONG
Annual to Monthly Salary Calculator,Annual to Monthly Salary Calculator | Convert Yearly Pay to Monthly,"Convert annual salary into monthly pay, with optional biweekly and weekly estimates based on your yearly income.",67,112,/salary-calculators/annual-to-monthly-salary-calculator/,false,false,true,true,Annual to Monthly Salary Calculator,35,false,true,WebSite;Organization;WebPage;SoftwareApplication;FAQPage;BreadcrumbList,true,true,true,399,TITLE_TOO_LONG;DESC_TOO_SHORT;LOW_WORD_COUNT
Bonus Calculator,Bonus Calculator | Calculate Bonus as Amount or Percentage of Salary,"Calculate a bonus as a percentage of salary or as a flat amount, and estimate total compensation.",68,97,/salary-calculators/bonus-calculator/,false,false,true,true,Bonus Calculator,16,false,true,WebSite;Organization;WebPage;SoftwareApplication;FAQPage;BreadcrumbList,true,true,true,441,TITLE_TOO_LONG;DESC_TOO_SHORT
Commission Calculator,Commission Calculator | Calculate Earnings From Sales Commission,"Calculate commission earnings from sales and commission rate, with optional total earnings when base pay is included.",64,117,/salary-calculators/commission-calculator/,false,false,true,true,Commission Calculator,21,false,true,WebSite;Organization;WebPage;SoftwareApplication;FAQPage;BreadcrumbList,true,true,true,477,TITLE_TOO_LONG;DESC_TOO_SHORT
Hourly to Salary Calculator,Hourly to Salary Calculator | Convert Hourly Pay to Annual Salary,"Convert an hourly wage into annual salary, monthly pay, biweekly pay, and weekly pay using your hours worked and weeks per year.",65,128,/salary-calculators/hourly-to-salary-calculator/,false,false,true,true,Hourly to Salary Calculator,27,false,true,WebSite;Organization;WebPage;SoftwareApplication;FAQPage;BreadcrumbList,true,true,true,439,TITLE_TOO_LONG
Monthly to Annual Salary Calculator,Monthly to Annual Salary Calculator | Convert Monthly Pay to Yearly Salary,"Convert monthly salary into annual pay, with optional biweekly and weekly estimates based on your monthly income.",74,113,/salary-calculators/monthly-to-annual-salary-calculator/,false,false,true,true,Monthly to Annual Salary Calculator,35,false,true,WebSite;Organization;WebPage;SoftwareApplication;FAQPage;BreadcrumbList,true,true,true,407,TITLE_TOO_LONG;DESC_TOO_SHORT
Overtime Pay Calculator,Overtime Pay Calculator | Estimate Extra Pay From Overtime Hours,"Estimate overtime pay from your hourly rate, overtime hours, and overtime multiplier, with optional total-pay output.",64,117,/salary-calculators/overtime-pay-calculator/,false,false,true,true,Overtime Pay Calculator,23,false,true,WebSite;Organization;WebPage;SoftwareApplication;FAQPage;BreadcrumbList,true,true,true,456,TITLE_TOO_LONG;DESC_TOO_SHORT
Raise Calculator,Raise Calculator | Calculate New Salary After a Pay Raise,Calculate a new salary after a raise using either a percentage increase or a flat raise amount.,57,95,/salary-calculators/raise-calculator/,false,false,true,true,Raise Calculator,16,false,true,WebSite;Organization;WebPage;SoftwareApplication;FAQPage;BreadcrumbList,true,true,true,435,DESC_TOO_SHORT
Salary Calculator,"Salary Calculator | Convert Hourly, Daily, Weekly, Monthly and Annual Pay","Convert a salary or pay rate across hourly, daily, weekly, biweekly, monthly, and annual amounts using your work schedule assumptions.",73,134,/salary-calculators/salary-calculator/,false,false,true,true,Salary Calculator,17,false,true,WebSite;Organization;WebPage;SoftwareApplication;FAQPage;BreadcrumbList,true,true,true,567,TITLE_TOO_LONG
Salary to Hourly Calculator,Salary to Hourly Calculator | Convert Annual Salary to Hourly Pay,"Convert annual salary into hourly pay, weekly pay, biweekly pay, and monthly pay using your hours worked and weeks per year.",65,124,/salary-calculators/salary-to-hourly-calculator/,false,false,true,true,Salary to Hourly Calculator,27,false,true,WebSite;Organization;WebPage;SoftwareApplication;FAQPage;BreadcrumbList,true,true,true,453,TITLE_TOO_LONG
Weekly Pay Calculator,Weekly Pay Calculator | Estimate Weekly Earnings From Hours and Rate,"Estimate weekly pay from your hourly rate and hours worked, with optional support for regular and overtime hour splits.",68,119,/salary-calculators/weekly-pay-calculator/,false,false,true,true,Weekly Pay Calculator,21,false,true,WebSite;Organization;WebPage;SoftwareApplication;FAQPage;BreadcrumbList,true,true,true,467,TITLE_TOO_LONG;DESC_TOO_SHORT
Age Calculator,"Age Calculator | Years, Months and Days","Calculate exact age in years, months, and days from a date of birth and an optional as-of date.",39,95,/time-and-date/age-calculator/,false,false,true,true,Age Calculator,14,false,true,SoftwareApplication;BreadcrumbList,true,false,true,948,DESC_TOO_SHORT
Days Until a Date Calculator,Days Until a Date Calculator | Count Days to Any Date,Count how many days remain until a future date or how many days have passed since a past date.,53,94,/time-and-date/days-until-a-date-calculator/,false,false,true,true,Days Until a Date Calculator,28,false,true,SoftwareApplication;BreadcrumbList,true,false,true,623,DESC_TOO_SHORT
Energy-Based Nap Selector,"Energy-Based Nap Selector | Quick, Strong or Full","Choose Quick, Strong, or Full to get a recommended nap length, wake-up time, and practical alternatives.",49,104,/time-and-date/energy-based-nap-selector/,false,false,true,true,Energy-Based Nap Selector,25,false,true,SoftwareApplication;BreadcrumbList,true,false,true,702,DESC_TOO_SHORT
Nap Time Calculator,"Nap Time Calculator | Quick, Power or Afternoon Nap",Choose a nap type and start time to get a suggested wake-up time with an optional wake buffer.,51,94,/time-and-date/nap-time-calculator/,false,false,true,true,Nap Time Calculator,19,false,true,SoftwareApplication;BreadcrumbList,true,false,true,640,DESC_TOO_SHORT
Overtime Hours Calculator,"Overtime Hours Calculator | Daily, Weekly and Night","Calculate regular and overtime hours using daily or weekly limits, split shifts, rounding, and night-hour tracking.",51,115,/time-and-date/overtime-hours-calculator/,false,false,true,true,Overtime Hours Calculator,25,false,true,SoftwareApplication;BreadcrumbList,true,false,true,965,DESC_TOO_SHORT
Power Nap Calculator,Power Nap Calculator | Best Wake-Up Times,"Compare 10, 20, 30, 60, and 90-minute nap options and get wake-up times for each one.",41,85,/time-and-date/power-nap-calculator/,false,false,true,true,Power Nap Calculator,20,false,true,SoftwareApplication;BreadcrumbList,true,false,true,768,DESC_TOO_SHORT
Sleep Time Calculator,Sleep Time Calculator | Bedtime and Wake-Up Cycles,Find bedtime or wake-up times based on 90-minute sleep cycles and a fall-asleep buffer.,50,87,/time-and-date/sleep-time-calculator/,false,false,true,true,Sleep Time Calculator,21,false,true,SoftwareApplication;BreadcrumbList,true,false,true,804,DESC_TOO_SHORT
Time Between Two Dates Calculator,"Time Between Two Dates Calculator | Days, Months & Business Days","Find days, weeks, months, business days, and exact hours between two dates. Use date-only or date-time mode, inclusive counting, and copy-ready summaries.",64,154,/time-and-date/time-between-two-dates-calculator/,false,false,true,true,Time Between Two Dates Calculator,33,false,true,SoftwareApplication;BreadcrumbList,true,false,true,703,TITLE_TOO_LONG
Wake-Up Time Calculator,Wake-Up Time Calculator | Sleep Cycle Wake Times,"Find wake-up times based on 90-minute sleep cycles and compare 4, 5, or 6 cycle options.",48,88,/time-and-date/wake-up-time-calculator/,false,false,true,true,Wake-Up Time Calculator,23,false,true,SoftwareApplication;BreadcrumbList,true,false,true,735,DESC_TOO_SHORT
Work Hours Calculator,"Work Hours Calculator | Shifts, Breaks and Totals","Calculate single, split, or weekly work hours, subtract unpaid breaks, and view totals in HH:MM and decimal hours.",49,114,/time-and-date/work-hours-calculator/,false,false,true,true,Work Hours Calculator,21,false,true,SoftwareApplication;BreadcrumbList,true,false,true,720,DESC_TOO_SHORT
