row_type,route,canonical_route,calculator_key,cluster_id,source_files,source_role,in_public_navigation,in_cluster_navigation,in_route_ownership,in_sitemap,has_generated_html,generated_file,duplicate_group,duplicate_status,missing_generated_html,notes
route_source_file,,,,,scripts/generate-mpa-pages.js,Primary MPA page generator that assembles public route HTML,,,,,,,,,,
route_source_file,,,,,scripts/generate-sitemap.js,Sitemap generator driven from navigation config,,,,,,,,,,
route_source_file,,,,,config/clusters/cluster-registry.json,Cluster registry and route-prefix fallback source,,,,,,,,,,
route_source_file,,,,,config/clusters/route-ownership.json,Active route ownership and canonical cluster-route contract,,,,,,,,,,
route_source_file,,,,,public/config/navigation.json,Global public navigation source for many calculator URLs,,,,,,,,,,
route_source_file,,,,,clusters/homepage/config/navigation.json,Cluster-local navigation source for homepage,,,,,,,,,,
route_source_file,,,,,clusters/math/config/navigation.json,Cluster-local navigation source for math,,,,,,,,,,
route_source_file,,,,,clusters/percentage/config/navigation.json,Cluster-local navigation source for percentage,,,,,,,,,,
route_source_file,,,,,clusters/pricing/config/navigation.json,Cluster-local navigation source for pricing,,,,,,,,,,
route_source_file,,,,,clusters/salary/config/navigation.json,Cluster-local navigation source for salary,,,,,,,,,,
route_source_file,,,,,clusters/time-and-date/config/navigation.json,Cluster-local navigation source for time-and-date,,,,,,,,,,
route_source_file,,,,,public/sitemap.xml,Current generated sitemap output used as crawlable URL source,,,,,,,,,,
route_inventory,/,/,homepage-root,homepage,config/clusters/route-ownership.json; public/index.html; public/sitemap.xml,,false,false,true,true,true,public/index.html,/,canonical,false,
route_inventory,/about-us/,/about-us/,about-us,,public/about-us/index.html; public/sitemap.xml,,false,false,false,true,true,public/about-us/index.html,,unique,false,
route_inventory,/calculators/,/,,,public/calculators/index.html; public/sitemap.xml,,false,false,false,true,true,public/calculators/index.html,/,shadow-route,false,Legacy or shadow calculator route under /calculators/
route_inventory,/calculators/car-loan-calculators/auto-loan-calculator/,/car-loan-calculators/auto-loan-calculator/,car-loan-calculators/multi-car-loan,,public/calculators/car-loan-calculators/auto-loan-calculator/index.html,,false,false,false,false,true,public/calculators/car-loan-calculators/auto-loan-calculator/index.html,/car-loan-calculators/auto-loan-calculator/,shadow-route,false,Legacy or shadow calculator route under /calculators/
route_inventory,/calculators/car-loan-calculators/car-lease-calculator/,/car-loan-calculators/car-lease-calculator/,car-loan-calculators/lease,,public/calculators/car-loan-calculators/car-lease-calculator/index.html,,false,false,false,false,true,public/calculators/car-loan-calculators/car-lease-calculator/index.html,/car-loan-calculators/car-lease-calculator/,shadow-route,false,Legacy or shadow calculator route under /calculators/
route_inventory,/calculators/car-loan-calculators/car-loan-calculator/,/car-loan-calculators/car-loan-calculator/,car-loan-calculators/car-loan,,public/calculators/car-loan-calculators/car-loan-calculator/index.html,,false,false,false,false,true,public/calculators/car-loan-calculators/car-loan-calculator/index.html,/car-loan-calculators/car-loan-calculator/,shadow-route,false,Legacy or shadow calculator route under /calculators/
route_inventory,/calculators/car-loan-calculators/hire-purchase-calculator/,/car-loan-calculators/hire-purchase-calculator/,car-loan-calculators/hire-purchase,,public/calculators/car-loan-calculators/hire-purchase-calculator/index.html,,false,false,false,false,true,public/calculators/car-loan-calculators/hire-purchase-calculator/index.html,/car-loan-calculators/hire-purchase-calculator/,shadow-route,false,Legacy or shadow calculator route under /calculators/
route_inventory,/calculators/car-loan-calculators/pcp-calculator/,/car-loan-calculators/pcp-calculator/,car-loan-calculators/pcp,,public/calculators/car-loan-calculators/pcp-calculator/index.html,,false,false,false,false,true,public/calculators/car-loan-calculators/pcp-calculator/index.html,/car-loan-calculators/pcp-calculator/,shadow-route,false,Legacy or shadow calculator route under /calculators/
route_inventory,/calculators/credit-card-calculators/balance-transfer-credit-card-calculator/,/credit-card-calculators/balance-transfer-credit-card-calculator/,credit-card-calculators/cc-bt,,public/calculators/credit-card-calculators/balance-transfer-credit-card-calculator/index.html,,false,false,false,false,true,public/calculators/credit-card-calculators/balance-transfer-credit-card-calculator/index.html,/credit-card-calculators/balance-transfer-credit-card-calculator/,shadow-route,false,Legacy or shadow calculator route under /calculators/
route_inventory,/calculators/credit-card-calculators/credit-card-consolidation-calculator/,/credit-card-calculators/credit-card-consolidation-calculator/,credit-card-calculators/cc-con,,public/calculators/credit-card-calculators/credit-card-consolidation-calculator/index.html,,false,false,false,false,true,public/calculators/credit-card-calculators/credit-card-consolidation-calculator/index.html,/credit-card-calculators/credit-card-consolidation-calculator/,shadow-route,false,Legacy or shadow calculator route under /calculators/
route_inventory,/calculators/credit-card-calculators/credit-card-minimum-payment-calculator/,/credit-card-calculators/credit-card-minimum-payment-calculator/,credit-card-calculators/cc-min,,public/calculators/credit-card-calculators/credit-card-minimum-payment-calculator/index.html,,false,false,false,false,true,public/calculators/credit-card-calculators/credit-card-minimum-payment-calculator/index.html,/credit-card-calculators/credit-card-minimum-payment-calculator/,shadow-route,false,Legacy or shadow calculator route under /calculators/
route_inventory,/calculators/credit-card-calculators/credit-card-payment-calculator/,/credit-card-calculators/credit-card-payment-calculator/,credit-card-calculators/cc-payoff,,public/calculators/credit-card-calculators/credit-card-payment-calculator/index.html,,false,false,false,false,true,public/calculators/credit-card-calculators/credit-card-payment-calculator/index.html,/credit-card-calculators/credit-card-payment-calculator/,shadow-route,false,Legacy or shadow calculator route under /calculators/
route_inventory,/calculators/finance-calculators/compound-interest-calculator/,/finance-calculators/compound-interest-calculator/,finance-calculators/compound-interest,,public/calculators/finance-calculators/compound-interest-calculator/index.html,,false,false,false,false,true,public/calculators/finance-calculators/compound-interest-calculator/index.html,/finance-calculators/compound-interest-calculator/,shadow-route,false,Legacy or shadow calculator route under /calculators/
route_inventory,/calculators/finance-calculators/effective-annual-rate-calculator/,/finance-calculators/effective-annual-rate-calculator/,finance-calculators/effective-annual-rate,,public/calculators/finance-calculators/effective-annual-rate-calculator/index.html,,false,false,false,false,true,public/calculators/finance-calculators/effective-annual-rate-calculator/index.html,/finance-calculators/effective-annual-rate-calculator/,shadow-route,false,Legacy or shadow calculator route under /calculators/
route_inventory,/calculators/finance-calculators/future-value-calculator/,/finance-calculators/future-value-calculator/,finance-calculators/future-value,,public/calculators/finance-calculators/future-value-calculator/index.html,,false,false,false,false,true,public/calculators/finance-calculators/future-value-calculator/index.html,/finance-calculators/future-value-calculator/,shadow-route,false,Legacy or shadow calculator route under /calculators/
route_inventory,/calculators/finance-calculators/future-value-of-annuity-calculator/,/finance-calculators/future-value-of-annuity-calculator/,finance-calculators/future-value-of-annuity,,public/calculators/finance-calculators/future-value-of-annuity-calculator/index.html,,false,false,false,false,true,public/calculators/finance-calculators/future-value-of-annuity-calculator/index.html,/finance-calculators/future-value-of-annuity-calculator/,shadow-route,false,Legacy or shadow calculator route under /calculators/
route_inventory,/calculators/finance-calculators/inflation-calculator/,/finance-calculators/inflation-calculator/,finance-calculators/inflation,,public/calculators/finance-calculators/inflation-calculator/index.html,,false,false,false,false,true,public/calculators/finance-calculators/inflation-calculator/index.html,/finance-calculators/inflation-calculator/,shadow-route,false,Legacy or shadow calculator route under /calculators/
route_inventory,/calculators/finance-calculators/investment-calculator/,/finance-calculators/investment-calculator/,finance-calculators/investment,,public/calculators/finance-calculators/investment-calculator/index.html,,false,false,false,false,true,public/calculators/finance-calculators/investment-calculator/index.html,/finance-calculators/investment-calculator/,shadow-route,false,Legacy or shadow calculator route under /calculators/
route_inventory,/calculators/finance-calculators/investment-growth-calculator/,/finance-calculators/investment-growth-calculator/,finance-calculators/investment-growth,,public/calculators/finance-calculators/investment-growth-calculator/index.html,,false,false,false,false,true,public/calculators/finance-calculators/investment-growth-calculator/index.html,/finance-calculators/investment-growth-calculator/,shadow-route,false,Legacy or shadow calculator route under /calculators/
route_inventory,/calculators/finance-calculators/investment-return-calculator/,/finance-calculators/investment-return-calculator/,finance-calculators/investment-return,,public/calculators/finance-calculators/investment-return-calculator/index.html,,false,false,false,false,true,public/calculators/finance-calculators/investment-return-calculator/index.html,/finance-calculators/investment-return-calculator/,shadow-route,false,Legacy or shadow calculator route under /calculators/
route_inventory,/calculators/finance-calculators/monthly-savings-needed-calculator/,/finance-calculators/monthly-savings-needed-calculator/,finance-calculators/monthly-savings-needed,,public/calculators/finance-calculators/monthly-savings-needed-calculator/index.html,,false,false,false,false,true,public/calculators/finance-calculators/monthly-savings-needed-calculator/index.html,/finance-calculators/monthly-savings-needed-calculator/,shadow-route,false,Legacy or shadow calculator route under /calculators/
route_inventory,/calculators/finance-calculators/present-value-calculator/,/finance-calculators/present-value-calculator/,finance-calculators/present-value,,public/calculators/finance-calculators/present-value-calculator/index.html,,false,false,false,false,true,public/calculators/finance-calculators/present-value-calculator/index.html,/finance-calculators/present-value-calculator/,shadow-route,false,Legacy or shadow calculator route under /calculators/
route_inventory,/calculators/finance-calculators/present-value-of-annuity-calculator/,/finance-calculators/present-value-of-annuity-calculator/,finance-calculators/present-value-of-annuity,,public/calculators/finance-calculators/present-value-of-annuity-calculator/index.html,,false,false,false,false,true,public/calculators/finance-calculators/present-value-of-annuity-calculator/index.html,/finance-calculators/present-value-of-annuity-calculator/,shadow-route,false,Legacy or shadow calculator route under /calculators/
route_inventory,/calculators/finance-calculators/simple-interest-calculator/,/finance-calculators/simple-interest-calculator/,finance-calculators/simple-interest,,public/calculators/finance-calculators/simple-interest-calculator/index.html,,false,false,false,false,true,public/calculators/finance-calculators/simple-interest-calculator/index.html,/finance-calculators/simple-interest-calculator/,shadow-route,false,Legacy or shadow calculator route under /calculators/
route_inventory,/calculators/finance-calculators/time-to-savings-goal-calculator/,/finance-calculators/time-to-savings-goal-calculator/,finance-calculators/time-to-savings-goal,,public/calculators/finance-calculators/time-to-savings-goal-calculator/index.html,,false,false,false,false,true,public/calculators/finance-calculators/time-to-savings-goal-calculator/index.html,/finance-calculators/time-to-savings-goal-calculator/,shadow-route,false,Legacy or shadow calculator route under /calculators/
route_inventory,/calculators/finance/savings-goal/,/finance/savings-goal/,finance/savings-goal,,public/calculators/finance/savings-goal/index.html,,false,false,false,false,true,public/calculators/finance/savings-goal/index.html,,unique,false,Legacy or shadow calculator route under /calculators/
route_inventory,/calculators/loan-calculators/buy-to-let-mortgage-calculator/,/loan-calculators/buy-to-let-mortgage-calculator/,loan-calculators/buy-to-let,,public/calculators/loan-calculators/buy-to-let-mortgage-calculator/index.html,,false,false,false,false,true,public/calculators/loan-calculators/buy-to-let-mortgage-calculator/index.html,/loan-calculators/buy-to-let-mortgage-calculator/,shadow-route,false,Legacy or shadow calculator route under /calculators/
route_inventory,/calculators/loan-calculators/how-much-can-i-borrow/,/loan-calculators/how-much-can-i-borrow/,loan-calculators/how-much-can-borrow,,public/calculators/loan-calculators/how-much-can-i-borrow/index.html,,false,false,false,false,true,public/calculators/loan-calculators/how-much-can-i-borrow/index.html,/loan-calculators/how-much-can-i-borrow/,shadow-route,false,Legacy or shadow calculator route under /calculators/
route_inventory,/calculators/loan-calculators/interest-rate-change-calculator/,/loan-calculators/interest-rate-change-calculator/,loan-calculators/interest-rate-change,,public/calculators/loan-calculators/interest-rate-change-calculator/index.html,,false,false,false,false,true,public/calculators/loan-calculators/interest-rate-change-calculator/index.html,/loan-calculators/interest-rate-change-calculator/,shadow-route,false,Legacy or shadow calculator route under /calculators/
route_inventory,/calculators/loan-calculators/ltv-calculator/,/loan-calculators/ltv-calculator/,loan-calculators/loan-to-value,,public/calculators/loan-calculators/ltv-calculator/index.html,,false,false,false,false,true,public/calculators/loan-calculators/ltv-calculator/index.html,/loan-calculators/ltv-calculator/,shadow-route,false,Legacy or shadow calculator route under /calculators/
route_inventory,/calculators/loan-calculators/mortgage-calculator/,/loan-calculators/mortgage-calculator/,loan-calculators/home-loan,,public/calculators/loan-calculators/mortgage-calculator/index.html,,false,false,false,false,true,public/calculators/loan-calculators/mortgage-calculator/index.html,/loan-calculators/mortgage-calculator/,shadow-route,false,Legacy or shadow calculator route under /calculators/
route_inventory,/calculators/loan-calculators/offset-mortgage-calculator/,/loan-calculators/offset-mortgage-calculator/,loan-calculators/offset-calculator,,public/calculators/loan-calculators/offset-mortgage-calculator/index.html,,false,false,false,false,true,public/calculators/loan-calculators/offset-mortgage-calculator/index.html,/loan-calculators/offset-mortgage-calculator/,shadow-route,false,Legacy or shadow calculator route under /calculators/
route_inventory,/calculators/loan-calculators/personal-loan-calculator/,/loan-calculators/personal-loan-calculator/,loan-calculators/personal-loan,,public/calculators/loan-calculators/personal-loan-calculator/index.html,,false,false,false,false,true,public/calculators/loan-calculators/personal-loan-calculator/index.html,/loan-calculators/personal-loan-calculator/,shadow-route,false,Legacy or shadow calculator route under /calculators/
route_inventory,/calculators/loan-calculators/remortgage-calculator/,/loan-calculators/remortgage-calculator/,loan-calculators/remortgage-switching,,public/calculators/loan-calculators/remortgage-calculator/index.html,,false,false,false,false,true,public/calculators/loan-calculators/remortgage-calculator/index.html,/loan-calculators/remortgage-calculator/,shadow-route,false,Legacy or shadow calculator route under /calculators/
route_inventory,/calculators/math/algebra/factoring/,/math/algebra/factoring/,math/algebra/factoring,,public/calculators/math/algebra/factoring/index.html,,false,false,false,false,true,public/calculators/math/algebra/factoring/index.html,/math/algebra/factoring/,shadow-route,false,Legacy or shadow calculator route under /calculators/
route_inventory,/calculators/math/algebra/polynomial-operations/,/math/algebra/polynomial-operations/,math/algebra/polynomial,,public/calculators/math/algebra/polynomial-operations/index.html,,false,false,false,false,true,public/calculators/math/algebra/polynomial-operations/index.html,/math/algebra/polynomial-operations/,shadow-route,false,Legacy or shadow calculator route under /calculators/
route_inventory,/calculators/math/algebra/quadratic-equation/,/math/algebra/quadratic-equation/,math/algebra/quadratic,,public/calculators/math/algebra/quadratic-equation/index.html,,false,false,false,false,true,public/calculators/math/algebra/quadratic-equation/index.html,/math/algebra/quadratic-equation/,shadow-route,false,Legacy or shadow calculator route under /calculators/
route_inventory,/calculators/math/algebra/slope-distance/,/math/algebra/slope-distance/,math/algebra/slope-distance,,public/calculators/math/algebra/slope-distance/index.html,,false,false,false,false,true,public/calculators/math/algebra/slope-distance/index.html,/math/algebra/slope-distance/,shadow-route,false,Legacy or shadow calculator route under /calculators/
route_inventory,/calculators/math/algebra/system-of-equations/,/math/algebra/system-of-equations/,math/algebra/system-equations,,public/calculators/math/algebra/system-of-equations/index.html,,false,false,false,false,true,public/calculators/math/algebra/system-of-equations/index.html,/math/algebra/system-of-equations/,shadow-route,false,Legacy or shadow calculator route under /calculators/
route_inventory,/calculators/math/basic/,/math/basic/,math/basic,,public/calculators/math/basic/index.html,,false,false,false,false,true,public/calculators/math/basic/index.html,/math/basic/,shadow-route,false,Legacy or shadow calculator route under /calculators/
route_inventory,/calculators/math/calculus/critical-points/,/math/calculus/critical-points/,math/calculus/critical-points,,public/calculators/math/calculus/critical-points/index.html,,false,false,false,false,true,public/calculators/math/calculus/critical-points/index.html,/math/calculus/critical-points/,shadow-route,false,Legacy or shadow calculator route under /calculators/
route_inventory,/calculators/math/calculus/derivative/,/math/calculus/derivative/,math/calculus/derivative,,public/calculators/math/calculus/derivative/index.html,,false,false,false,false,true,public/calculators/math/calculus/derivative/index.html,/math/calculus/derivative/,shadow-route,false,Legacy or shadow calculator route under /calculators/
route_inventory,/calculators/math/calculus/integral/,/math/calculus/integral/,math/calculus/integral,,public/calculators/math/calculus/integral/index.html,,false,false,false,false,true,public/calculators/math/calculus/integral/index.html,/math/calculus/integral/,shadow-route,false,Legacy or shadow calculator route under /calculators/
route_inventory,/calculators/math/calculus/limit/,/math/calculus/limit/,math/calculus/limit,,public/calculators/math/calculus/limit/index.html,,false,false,false,false,true,public/calculators/math/calculus/limit/index.html,/math/calculus/limit/,shadow-route,false,Legacy or shadow calculator route under /calculators/
route_inventory,/calculators/math/calculus/series-convergence/,/math/calculus/series-convergence/,math/calculus/series,,public/calculators/math/calculus/series-convergence/index.html,,false,false,false,false,true,public/calculators/math/calculus/series-convergence/index.html,/math/calculus/series-convergence/,shadow-route,false,Legacy or shadow calculator route under /calculators/
route_inventory,/calculators/math/confidence-interval/,/math/confidence-interval/,math/confidence-interval,,public/calculators/math/confidence-interval/index.html,,false,false,false,false,true,public/calculators/math/confidence-interval/index.html,/math/confidence-interval/,shadow-route,false,Legacy or shadow calculator route under /calculators/
route_inventory,/calculators/math/fraction-calculator/,/math/fraction-calculator/,math/fraction-calculator,,public/calculators/math/fraction-calculator/index.html,,false,false,false,false,true,public/calculators/math/fraction-calculator/index.html,/math/fraction-calculator/,shadow-route,false,Legacy or shadow calculator route under /calculators/
route_inventory,/calculators/math/log/common-log/,/math/log/common-log/,math/log/common-log,,public/calculators/math/log/common-log/index.html,,false,false,false,false,true,public/calculators/math/log/common-log/index.html,/math/log/common-log/,shadow-route,false,Legacy or shadow calculator route under /calculators/
route_inventory,/calculators/math/log/exponential-equations/,/math/log/exponential-equations/,math/log/exponential-equations,,public/calculators/math/log/exponential-equations/index.html,,false,false,false,false,true,public/calculators/math/log/exponential-equations/index.html,/math/log/exponential-equations/,shadow-route,false,Legacy or shadow calculator route under /calculators/
route_inventory,/calculators/math/log/log-properties/,/math/log/log-properties/,math/log/log-properties,,public/calculators/math/log/log-properties/index.html,,false,false,false,false,true,public/calculators/math/log/log-properties/index.html,/math/log/log-properties/,shadow-route,false,Legacy or shadow calculator route under /calculators/
route_inventory,/calculators/math/log/log-scale/,/math/log/log-scale/,math/log/log-scale,,public/calculators/math/log/log-scale/index.html,,false,false,false,false,true,public/calculators/math/log/log-scale/index.html,/math/log/log-scale/,shadow-route,false,Legacy or shadow calculator route under /calculators/
route_inventory,/calculators/math/log/natural-log/,/math/log/natural-log/,math/log/natural-log,,public/calculators/math/log/natural-log/index.html,,false,false,false,false,true,public/calculators/math/log/natural-log/index.html,/math/log/natural-log/,shadow-route,false,Legacy or shadow calculator route under /calculators/
route_inventory,/calculators/math/mean-median-mode-range/,/math/mean-median-mode-range/,math/mean-median-mode-range,,public/calculators/math/mean-median-mode-range/index.html,,false,false,false,false,true,public/calculators/math/mean-median-mode-range/index.html,/math/mean-median-mode-range/,shadow-route,false,Legacy or shadow calculator route under /calculators/
route_inventory,/calculators/math/number-sequence/,/math/number-sequence/,math/number-sequence,,public/calculators/math/number-sequence/index.html,,false,false,false,false,true,public/calculators/math/number-sequence/index.html,/math/number-sequence/,shadow-route,false,Legacy or shadow calculator route under /calculators/
route_inventory,/calculators/math/percentage-increase/,/percentage-calculators/percentage-increase-calculator/,math/percentage-increase,,public/calculators/math/percentage-increase/index.html,,false,false,false,false,true,public/calculators/math/percentage-increase/index.html,/percentage-calculators/percentage-increase-calculator/,shadow-route,false,Legacy or shadow calculator route under /calculators/
route_inventory,/calculators/math/permutation-combination/,/math/permutation-combination/,math/permutation-combination,,public/calculators/math/permutation-combination/index.html,,false,false,false,false,true,public/calculators/math/permutation-combination/index.html,/math/permutation-combination/,shadow-route,false,Legacy or shadow calculator route under /calculators/
route_inventory,/calculators/math/probability/,/math/probability/,math/probability,,public/calculators/math/probability/index.html,,false,false,false,false,true,public/calculators/math/probability/index.html,/math/probability/,shadow-route,false,Legacy or shadow calculator route under /calculators/
route_inventory,/calculators/math/sample-size/,/math/sample-size/,math/sample-size,,public/calculators/math/sample-size/index.html,,false,false,false,false,true,public/calculators/math/sample-size/index.html,/math/sample-size/,shadow-route,false,Legacy or shadow calculator route under /calculators/
route_inventory,/calculators/math/standard-deviation/,/math/standard-deviation/,math/standard-deviation,,public/calculators/math/standard-deviation/index.html,,false,false,false,false,true,public/calculators/math/standard-deviation/index.html,/math/standard-deviation/,shadow-route,false,Legacy or shadow calculator route under /calculators/
route_inventory,/calculators/math/statistics/,/math/statistics/,math/statistics,,public/calculators/math/statistics/index.html,,false,false,false,false,true,public/calculators/math/statistics/index.html,/math/statistics/,shadow-route,false,Legacy or shadow calculator route under /calculators/
route_inventory,/calculators/math/statistics/anova/,/math/statistics/anova/,math/statistics/anova,,public/calculators/math/statistics/anova/index.html,,false,false,false,false,true,public/calculators/math/statistics/anova/index.html,/math/statistics/anova/,shadow-route,false,Legacy or shadow calculator route under /calculators/
route_inventory,/calculators/math/statistics/correlation/,/math/statistics/correlation/,math/statistics/correlation,,public/calculators/math/statistics/correlation/index.html,,false,false,false,false,true,public/calculators/math/statistics/correlation/index.html,/math/statistics/correlation/,shadow-route,false,Legacy or shadow calculator route under /calculators/
route_inventory,/calculators/math/statistics/distribution/,/math/statistics/distribution/,math/statistics/distribution,,public/calculators/math/statistics/distribution/index.html,,false,false,false,false,true,public/calculators/math/statistics/distribution/index.html,/math/statistics/distribution/,shadow-route,false,Legacy or shadow calculator route under /calculators/
route_inventory,/calculators/math/statistics/hypothesis-testing/,/math/statistics/hypothesis-testing/,math/statistics/hypothesis,,public/calculators/math/statistics/hypothesis-testing/index.html,,false,false,false,false,true,public/calculators/math/statistics/hypothesis-testing/index.html,/math/statistics/hypothesis-testing/,shadow-route,false,Legacy or shadow calculator route under /calculators/
route_inventory,/calculators/math/statistics/regression-analysis/,/math/statistics/regression-analysis/,math/statistics/regression,,public/calculators/math/statistics/regression-analysis/index.html,,false,false,false,false,true,public/calculators/math/statistics/regression-analysis/index.html,/math/statistics/regression-analysis/,shadow-route,false,Legacy or shadow calculator route under /calculators/
route_inventory,/calculators/math/trigonometry/inverse-trig/,/math/trigonometry/inverse-trig/,math/trigonometry/inverse-trig,,public/calculators/math/trigonometry/inverse-trig/index.html,,false,false,false,false,true,public/calculators/math/trigonometry/inverse-trig/index.html,/math/trigonometry/inverse-trig/,shadow-route,false,Legacy or shadow calculator route under /calculators/
route_inventory,/calculators/math/trigonometry/law-of-sines-cosines/,/math/trigonometry/law-of-sines-cosines/,math/trigonometry/law-trig,,public/calculators/math/trigonometry/law-of-sines-cosines/index.html,,false,false,false,false,true,public/calculators/math/trigonometry/law-of-sines-cosines/index.html,/math/trigonometry/law-of-sines-cosines/,shadow-route,false,Legacy or shadow calculator route under /calculators/
route_inventory,/calculators/math/trigonometry/triangle-solver/,/math/trigonometry/triangle-solver/,math/trigonometry/triangle-solver,,public/calculators/math/trigonometry/triangle-solver/index.html,,false,false,false,false,true,public/calculators/math/trigonometry/triangle-solver/index.html,/math/trigonometry/triangle-solver/,shadow-route,false,Legacy or shadow calculator route under /calculators/
route_inventory,/calculators/math/trigonometry/trig-functions/,/math/trigonometry/trig-functions/,math/trigonometry/trig-functions,,public/calculators/math/trigonometry/trig-functions/index.html,,false,false,false,false,true,public/calculators/math/trigonometry/trig-functions/index.html,/math/trigonometry/trig-functions/,shadow-route,false,Legacy or shadow calculator route under /calculators/
route_inventory,/calculators/math/trigonometry/unit-circle/,/math/trigonometry/unit-circle/,math/trigonometry/unit-circle,,public/calculators/math/trigonometry/unit-circle/index.html,,false,false,false,false,true,public/calculators/math/trigonometry/unit-circle/index.html,/math/trigonometry/unit-circle/,shadow-route,false,Legacy or shadow calculator route under /calculators/
route_inventory,/calculators/math/z-score/,/math/z-score/,math/z-score,,public/calculators/math/z-score/index.html,,false,false,false,false,true,public/calculators/math/z-score/index.html,/math/z-score/,shadow-route,false,Legacy or shadow calculator route under /calculators/
route_inventory,/calculators/percentage-calculators/commission-calculator/,/percentage-calculators/commission-calculator/,percentage-calculators/commission-calculator,,public/calculators/percentage-calculators/commission-calculator/index.html,,false,false,false,false,true,public/calculators/percentage-calculators/commission-calculator/index.html,,unique,false,Legacy or shadow calculator route under /calculators/
route_inventory,/calculators/percentage-calculators/discount-calculator/,/pricing-calculators/discount-calculator/,percentage-calculators/discount-calculator,,public/calculators/percentage-calculators/discount-calculator/index.html,,false,false,false,false,true,public/calculators/percentage-calculators/discount-calculator/index.html,/pricing-calculators/discount-calculator/,shadow-route,false,Legacy or shadow calculator route under /calculators/
route_inventory,/calculators/percentage-calculators/margin-calculator/,/pricing-calculators/margin-calculator/,percentage-calculators/margin-calculator,,public/calculators/percentage-calculators/margin-calculator/index.html,,false,false,false,false,true,public/calculators/percentage-calculators/margin-calculator/index.html,/pricing-calculators/margin-calculator/,shadow-route,false,Legacy or shadow calculator route under /calculators/
route_inventory,/calculators/percentage-calculators/markup-calculator/,/pricing-calculators/markup-calculator/,percentage-calculators/markup-calculator,,public/calculators/percentage-calculators/markup-calculator/index.html,,false,false,false,false,true,public/calculators/percentage-calculators/markup-calculator/index.html,/pricing-calculators/markup-calculator/,shadow-route,false,Legacy or shadow calculator route under /calculators/
route_inventory,/calculators/percentage-calculators/percent-change-calculator/,/percentage-calculators/percent-change-calculator/,percentage-calculators/percent-change,,public/calculators/percentage-calculators/percent-change-calculator/index.html,,false,false,false,false,true,public/calculators/percentage-calculators/percent-change-calculator/index.html,/percentage-calculators/percent-change-calculator/,shadow-route,false,Legacy or shadow calculator route under /calculators/
route_inventory,/calculators/percentage-calculators/percent-to-fraction-decimal-calculator/,/percentage-calculators/percent-to-fraction-decimal-calculator/,percentage-calculators/percent-to-fraction-decimal-calculator,,public/calculators/percentage-calculators/percent-to-fraction-decimal-calculator/index.html,,false,false,false,false,true,public/calculators/percentage-calculators/percent-to-fraction-decimal-calculator/index.html,/percentage-calculators/percent-to-fraction-decimal-calculator/,shadow-route,false,Legacy or shadow calculator route under /calculators/
route_inventory,/calculators/percentage-calculators/percentage-composition-calculator/,/percentage-calculators/percentage-composition-calculator/,percentage-calculators/percentage-composition,,public/calculators/percentage-calculators/percentage-composition-calculator/index.html,,false,false,false,false,true,public/calculators/percentage-calculators/percentage-composition-calculator/index.html,/percentage-calculators/percentage-composition-calculator/,shadow-route,false,Legacy or shadow calculator route under /calculators/
route_inventory,/calculators/percentage-calculators/percentage-decrease-calculator/,/percentage-calculators/percentage-decrease-calculator/,percentage-calculators/percentage-decrease,,public/calculators/percentage-calculators/percentage-decrease-calculator/index.html,,false,false,false,false,true,public/calculators/percentage-calculators/percentage-decrease-calculator/index.html,/percentage-calculators/percentage-decrease-calculator/,shadow-route,false,Legacy or shadow calculator route under /calculators/
route_inventory,/calculators/percentage-calculators/percentage-difference-calculator/,/percentage-calculators/percentage-difference-calculator/,percentage-calculators/percentage-difference,,public/calculators/percentage-calculators/percentage-difference-calculator/index.html,,false,false,false,false,true,public/calculators/percentage-calculators/percentage-difference-calculator/index.html,/percentage-calculators/percentage-difference-calculator/,shadow-route,false,Legacy or shadow calculator route under /calculators/
route_inventory,/calculators/percentage-calculators/percentage-finder-calculator/,/percentage-calculators/percentage-finder-calculator/,percentage-calculators/percentage-finder-calculator,,public/calculators/percentage-calculators/percentage-finder-calculator/index.html,,false,false,false,false,true,public/calculators/percentage-calculators/percentage-finder-calculator/index.html,/percentage-calculators/percentage-finder-calculator/,shadow-route,false,Legacy or shadow calculator route under /calculators/
route_inventory,/calculators/percentage-calculators/percentage-increase-calculator/,/percentage-calculators/percentage-increase-calculator/,percentage-calculators/percentage-increase,,public/calculators/percentage-calculators/percentage-increase-calculator/index.html,,false,false,false,false,true,public/calculators/percentage-calculators/percentage-increase-calculator/index.html,/percentage-calculators/percentage-increase-calculator/,shadow-route,false,Legacy or shadow calculator route under /calculators/
route_inventory,/calculators/percentage-calculators/percentage-of-a-number-calculator/,/percentage-calculators/percentage-of-a-number-calculator/,percentage-calculators/percentage-of-a-number-calculator,,public/calculators/percentage-calculators/percentage-of-a-number-calculator/index.html,,false,false,false,false,true,public/calculators/percentage-calculators/percentage-of-a-number-calculator/index.html,/percentage-calculators/percentage-of-a-number-calculator/,shadow-route,false,Legacy or shadow calculator route under /calculators/
route_inventory,/calculators/percentage-calculators/reverse-percentage-calculator/,/percentage-calculators/reverse-percentage-calculator/,percentage-calculators/reverse-percentage-calculator,,public/calculators/percentage-calculators/reverse-percentage-calculator/index.html,,false,false,false,false,true,public/calculators/percentage-calculators/reverse-percentage-calculator/index.html,/percentage-calculators/reverse-percentage-calculator/,shadow-route,false,Legacy or shadow calculator route under /calculators/
route_inventory,/calculators/pricing-calculators/commission-calculator/,/pricing-calculators/commission-calculator/,pricing-calculators/commission-calculator,,public/calculators/pricing-calculators/commission-calculator/index.html,,false,false,false,false,true,public/calculators/pricing-calculators/commission-calculator/index.html,/pricing-calculators/commission-calculator/,shadow-route,false,Legacy or shadow calculator route under /calculators/
route_inventory,/calculators/pricing-calculators/discount-calculator/,/pricing-calculators/discount-calculator/,pricing-calculators/discount-calculator,,public/calculators/pricing-calculators/discount-calculator/index.html,,false,false,false,false,true,public/calculators/pricing-calculators/discount-calculator/index.html,/pricing-calculators/discount-calculator/,shadow-route,false,Legacy or shadow calculator route under /calculators/
route_inventory,/calculators/pricing-calculators/margin-calculator/,/pricing-calculators/margin-calculator/,pricing-calculators/margin-calculator,,public/calculators/pricing-calculators/margin-calculator/index.html,,false,false,false,false,true,public/calculators/pricing-calculators/margin-calculator/index.html,/pricing-calculators/margin-calculator/,shadow-route,false,Legacy or shadow calculator route under /calculators/
route_inventory,/calculators/pricing-calculators/markup-calculator/,/pricing-calculators/markup-calculator/,pricing-calculators/markup-calculator,,public/calculators/pricing-calculators/markup-calculator/index.html,,false,false,false,false,true,public/calculators/pricing-calculators/markup-calculator/index.html,/pricing-calculators/markup-calculator/,shadow-route,false,Legacy or shadow calculator route under /calculators/
route_inventory,/calculators/salary-calculators/annual-to-monthly-salary-calculator/,/salary-calculators/annual-to-monthly-salary-calculator/,salary-calculators/annual-to-monthly,,public/calculators/salary-calculators/annual-to-monthly-salary-calculator/index.html,,false,false,false,false,true,public/calculators/salary-calculators/annual-to-monthly-salary-calculator/index.html,/salary-calculators/annual-to-monthly-salary-calculator/,shadow-route,false,Legacy or shadow calculator route under /calculators/
route_inventory,/calculators/salary-calculators/bonus-calculator/,/salary-calculators/bonus-calculator/,salary-calculators/bonus,,public/calculators/salary-calculators/bonus-calculator/index.html,,false,false,false,false,true,public/calculators/salary-calculators/bonus-calculator/index.html,/salary-calculators/bonus-calculator/,shadow-route,false,Legacy or shadow calculator route under /calculators/
route_inventory,/calculators/salary-calculators/commission-calculator/,/salary-calculators/commission-calculator/,salary-calculators/commission,,public/calculators/salary-calculators/commission-calculator/index.html,,false,false,false,false,true,public/calculators/salary-calculators/commission-calculator/index.html,/salary-calculators/commission-calculator/,shadow-route,false,Legacy or shadow calculator route under /calculators/
route_inventory,/calculators/salary-calculators/hourly-to-salary-calculator/,/salary-calculators/hourly-to-salary-calculator/,salary-calculators/hourly-to-salary,,public/calculators/salary-calculators/hourly-to-salary-calculator/index.html,,false,false,false,false,true,public/calculators/salary-calculators/hourly-to-salary-calculator/index.html,/salary-calculators/hourly-to-salary-calculator/,shadow-route,false,Legacy or shadow calculator route under /calculators/
route_inventory,/calculators/salary-calculators/inflation-adjusted-salary-calculator/,/salary-calculators/inflation-adjusted-salary-calculator/,salary-calculators/inflation-adjusted-salary,,public/calculators/salary-calculators/inflation-adjusted-salary-calculator/index.html,,false,false,false,false,true,public/calculators/salary-calculators/inflation-adjusted-salary-calculator/index.html,/salary-calculators/inflation-adjusted-salary-calculator/,shadow-route,false,Legacy or shadow calculator route under /calculators/
route_inventory,/calculators/salary-calculators/monthly-to-annual-salary-calculator/,/salary-calculators/monthly-to-annual-salary-calculator/,salary-calculators/monthly-to-annual,,public/calculators/salary-calculators/monthly-to-annual-salary-calculator/index.html,,false,false,false,false,true,public/calculators/salary-calculators/monthly-to-annual-salary-calculator/index.html,/salary-calculators/monthly-to-annual-salary-calculator/,shadow-route,false,Legacy or shadow calculator route under /calculators/
route_inventory,/calculators/salary-calculators/overtime-pay-calculator/,/salary-calculators/overtime-pay-calculator/,salary-calculators/overtime-pay,,public/calculators/salary-calculators/overtime-pay-calculator/index.html,,false,false,false,false,true,public/calculators/salary-calculators/overtime-pay-calculator/index.html,/salary-calculators/overtime-pay-calculator/,shadow-route,false,Legacy or shadow calculator route under /calculators/
route_inventory,/calculators/salary-calculators/raise-calculator/,/salary-calculators/raise-calculator/,salary-calculators/raise,,public/calculators/salary-calculators/raise-calculator/index.html,,false,false,false,false,true,public/calculators/salary-calculators/raise-calculator/index.html,/salary-calculators/raise-calculator/,shadow-route,false,Legacy or shadow calculator route under /calculators/
route_inventory,/calculators/salary-calculators/salary-calculator/,/salary-calculators/salary-calculator/,salary-calculators/salary-calculator,,public/calculators/salary-calculators/salary-calculator/index.html,,false,false,false,false,true,public/calculators/salary-calculators/salary-calculator/index.html,/salary-calculators/salary-calculator/,shadow-route,false,Legacy or shadow calculator route under /calculators/
route_inventory,/calculators/salary-calculators/salary-to-hourly-calculator/,/salary-calculators/salary-to-hourly-calculator/,salary-calculators/salary-to-hourly,,public/calculators/salary-calculators/salary-to-hourly-calculator/index.html,,false,false,false,false,true,public/calculators/salary-calculators/salary-to-hourly-calculator/index.html,/salary-calculators/salary-to-hourly-calculator/,shadow-route,false,Legacy or shadow calculator route under /calculators/
route_inventory,/calculators/salary-calculators/weekly-pay-calculator/,/salary-calculators/weekly-pay-calculator/,salary-calculators/weekly-pay,,public/calculators/salary-calculators/weekly-pay-calculator/index.html,,false,false,false,false,true,public/calculators/salary-calculators/weekly-pay-calculator/index.html,/salary-calculators/weekly-pay-calculator/,shadow-route,false,Legacy or shadow calculator route under /calculators/
route_inventory,/calculators/time-and-date/age-calculator/,/time-and-date/age-calculator/,time-and-date/age,,public/calculators/time-and-date/age-calculator/index.html,,false,false,false,false,true,public/calculators/time-and-date/age-calculator/index.html,/time-and-date/age-calculator/,shadow-route,false,Legacy or shadow calculator route under /calculators/
route_inventory,/calculators/time-and-date/birthday-day-of-week/,/time-and-date/birthday-day-of-week/,time-and-date/birthday-dow,,public/calculators/time-and-date/birthday-day-of-week/index.html,,false,false,false,false,true,public/calculators/time-and-date/birthday-day-of-week/index.html,/time-and-date/birthday-day-of-week/,shadow-route,false,Legacy or shadow calculator route under /calculators/
route_inventory,/calculators/time-and-date/countdown-timer/,/time-and-date/countdown-timer/,time-and-date/countdown-timer,,public/calculators/time-and-date/countdown-timer/index.html,,false,false,false,false,true,public/calculators/time-and-date/countdown-timer/index.html,/time-and-date/countdown-timer/,shadow-route,false,Legacy or shadow calculator route under /calculators/
route_inventory,/calculators/time-and-date/days-until-a-date-calculator/,/time-and-date/days-until-a-date-calculator/,time-and-date/days-until,,public/calculators/time-and-date/days-until-a-date-calculator/index.html,,false,false,false,false,true,public/calculators/time-and-date/days-until-a-date-calculator/index.html,/time-and-date/days-until-a-date-calculator/,shadow-route,false,Legacy or shadow calculator route under /calculators/
route_inventory,/calculators/time-and-date/energy-based-nap-selector/,/time-and-date/energy-based-nap-selector/,time-and-date/energy-nap,,public/calculators/time-and-date/energy-based-nap-selector/index.html,,false,false,false,false,true,public/calculators/time-and-date/energy-based-nap-selector/index.html,/time-and-date/energy-based-nap-selector/,shadow-route,false,Legacy or shadow calculator route under /calculators/
route_inventory,/calculators/time-and-date/nap-time-calculator/,/time-and-date/nap-time-calculator/,time-and-date/nap-time,,public/calculators/time-and-date/nap-time-calculator/index.html,,false,false,false,false,true,public/calculators/time-and-date/nap-time-calculator/index.html,/time-and-date/nap-time-calculator/,shadow-route,false,Legacy or shadow calculator route under /calculators/
route_inventory,/calculators/time-and-date/overtime-hours-calculator/,/time-and-date/overtime-hours-calculator/,time-and-date/overtime-hours,,public/calculators/time-and-date/overtime-hours-calculator/index.html,,false,false,false,false,true,public/calculators/time-and-date/overtime-hours-calculator/index.html,/time-and-date/overtime-hours-calculator/,shadow-route,false,Legacy or shadow calculator route under /calculators/
route_inventory,/calculators/time-and-date/power-nap-calculator/,/time-and-date/power-nap-calculator/,time-and-date/power-nap,,public/calculators/time-and-date/power-nap-calculator/index.html,,false,false,false,false,true,public/calculators/time-and-date/power-nap-calculator/index.html,/time-and-date/power-nap-calculator/,shadow-route,false,Legacy or shadow calculator route under /calculators/
route_inventory,/calculators/time-and-date/sleep-time-calculator/,/time-and-date/sleep-time-calculator/,time-and-date/sleep-time,,public/calculators/time-and-date/sleep-time-calculator/index.html,,false,false,false,false,true,public/calculators/time-and-date/sleep-time-calculator/index.html,/time-and-date/sleep-time-calculator/,shadow-route,false,Legacy or shadow calculator route under /calculators/
route_inventory,/calculators/time-and-date/time-between-two-dates-calculator/,/time-and-date/time-between-two-dates-calculator/,time-and-date/date-diff,,public/calculators/time-and-date/time-between-two-dates-calculator/index.html,,false,false,false,false,true,public/calculators/time-and-date/time-between-two-dates-calculator/index.html,/time-and-date/time-between-two-dates-calculator/,shadow-route,false,Legacy or shadow calculator route under /calculators/
route_inventory,/calculators/time-and-date/wake-up-time-calculator/,/time-and-date/wake-up-time-calculator/,time-and-date/wake-up,,public/calculators/time-and-date/wake-up-time-calculator/index.html,,false,false,false,false,true,public/calculators/time-and-date/wake-up-time-calculator/index.html,/time-and-date/wake-up-time-calculator/,shadow-route,false,Legacy or shadow calculator route under /calculators/
route_inventory,/calculators/time-and-date/work-hours-calculator/,/time-and-date/work-hours-calculator/,time-and-date/work-hours,,public/calculators/time-and-date/work-hours-calculator/index.html,,false,false,false,false,true,public/calculators/time-and-date/work-hours-calculator/index.html,/time-and-date/work-hours-calculator/,shadow-route,false,Legacy or shadow calculator route under /calculators/
route_inventory,/car-loan-calculators/auto-loan-calculator/,/car-loan-calculators/auto-loan-calculator/,multiple-car-loan|car-loan-calculators/auto-loan-calculator,auto-loans,config/clusters/route-ownership.json; public/car-loan-calculators/auto-loan-calculator/index.html; public/config/navigation.json; public/sitemap.xml,,true,false,true,true,true,public/car-loan-calculators/auto-loan-calculator/index.html,/car-loan-calculators/auto-loan-calculator/,canonical,false,
route_inventory,/car-loan-calculators/car-lease-calculator/,/car-loan-calculators/car-lease-calculator/,leasing-calculator|car-loan-calculators/car-lease-calculator,auto-loans,config/clusters/route-ownership.json; public/car-loan-calculators/car-lease-calculator/index.html; public/config/navigation.json; public/sitemap.xml,,true,false,true,true,true,public/car-loan-calculators/car-lease-calculator/index.html,/car-loan-calculators/car-lease-calculator/,canonical,false,
route_inventory,/car-loan-calculators/car-loan-calculator/,/car-loan-calculators/car-loan-calculator/,car-loan|car-loan-calculators/car-loan-calculator,auto-loans,config/clusters/route-ownership.json; public/car-loan-calculators/car-loan-calculator/index.html; public/config/navigation.json; public/sitemap.xml,,true,false,true,true,true,public/car-loan-calculators/car-loan-calculator/index.html,/car-loan-calculators/car-loan-calculator/,canonical,false,
route_inventory,/car-loan-calculators/hire-purchase-calculator/,/car-loan-calculators/hire-purchase-calculator/,hire-purchase|car-loan-calculators/hire-purchase-calculator,auto-loans,config/clusters/route-ownership.json; public/car-loan-calculators/hire-purchase-calculator/index.html; public/config/navigation.json; public/sitemap.xml,,true,false,true,true,true,public/car-loan-calculators/hire-purchase-calculator/index.html,/car-loan-calculators/hire-purchase-calculator/,canonical,false,
route_inventory,/car-loan-calculators/pcp-calculator/,/car-loan-calculators/pcp-calculator/,pcp-calculator|car-loan-calculators/pcp-calculator,auto-loans,config/clusters/route-ownership.json; public/car-loan-calculators/pcp-calculator/index.html; public/config/navigation.json; public/sitemap.xml,,true,false,true,true,true,public/car-loan-calculators/pcp-calculator/index.html,/car-loan-calculators/pcp-calculator/,canonical,false,
route_inventory,/contact-us/,/contact-us/,contact-us,,public/contact-us/index.html; public/sitemap.xml,,false,false,false,true,true,public/contact-us/index.html,,unique,false,
route_inventory,/credit-card-calculators/balance-transfer-credit-card-calculator/,/credit-card-calculators/balance-transfer-credit-card-calculator/,balance-transfer-installment-plan|credit-card-calculators/balance-transfer-credit-card-calculator,,public/config/navigation.json; public/credit-card-calculators/balance-transfer-credit-card-calculator/index.html; public/sitemap.xml,,true,false,false,true,true,public/credit-card-calculators/balance-transfer-credit-card-calculator/index.html,/credit-card-calculators/balance-transfer-credit-card-calculator/,canonical,false,
route_inventory,/credit-card-calculators/credit-card-consolidation-calculator/,/credit-card-calculators/credit-card-consolidation-calculator/,credit-card-consolidation|credit-card-calculators/credit-card-consolidation-calculator,,public/config/navigation.json; public/credit-card-calculators/credit-card-consolidation-calculator/index.html; public/sitemap.xml,,true,false,false,true,true,public/credit-card-calculators/credit-card-consolidation-calculator/index.html,/credit-card-calculators/credit-card-consolidation-calculator/,canonical,false,
route_inventory,/credit-card-calculators/credit-card-minimum-payment-calculator/,/credit-card-calculators/credit-card-minimum-payment-calculator/,credit-card-minimum-payment|credit-card-calculators/credit-card-minimum-payment-calculator,,public/config/navigation.json; public/credit-card-calculators/credit-card-minimum-payment-calculator/index.html; public/sitemap.xml,,true,false,false,true,true,public/credit-card-calculators/credit-card-minimum-payment-calculator/index.html,/credit-card-calculators/credit-card-minimum-payment-calculator/,canonical,false,
route_inventory,/credit-card-calculators/credit-card-payment-calculator/,/credit-card-calculators/credit-card-payment-calculator/,credit-card-repayment-payoff|credit-card-calculators/credit-card-payment-calculator,,public/config/navigation.json; public/credit-card-calculators/credit-card-payment-calculator/index.html; public/sitemap.xml,,true,false,false,true,true,public/credit-card-calculators/credit-card-payment-calculator/index.html,/credit-card-calculators/credit-card-payment-calculator/,canonical,false,
route_inventory,/faq/,/faq/,faq,,public/faq/index.html; public/sitemap.xml,,false,false,false,true,true,public/faq/index.html,,unique,false,
route_inventory,/finance-calculators/compound-interest-calculator/,/finance-calculators/compound-interest-calculator/,compound-interest|finance-calculators/compound-interest-calculator,finance,config/clusters/route-ownership.json; public/config/navigation.json; public/finance-calculators/compound-interest-calculator/index.html; public/sitemap.xml,,true,false,true,true,true,public/finance-calculators/compound-interest-calculator/index.html,/finance-calculators/compound-interest-calculator/,canonical,false,
route_inventory,/finance-calculators/effective-annual-rate-calculator/,/finance-calculators/effective-annual-rate-calculator/,effective-annual-rate|finance-calculators/effective-annual-rate-calculator,finance,config/clusters/route-ownership.json; public/config/navigation.json; public/finance-calculators/effective-annual-rate-calculator/index.html; public/sitemap.xml,,true,false,true,true,true,public/finance-calculators/effective-annual-rate-calculator/index.html,/finance-calculators/effective-annual-rate-calculator/,canonical,false,
route_inventory,/finance-calculators/future-value-calculator/,/finance-calculators/future-value-calculator/,future-value|finance-calculators/future-value-calculator,finance,config/clusters/route-ownership.json; public/config/navigation.json; public/finance-calculators/future-value-calculator/index.html; public/sitemap.xml,,true,false,true,true,true,public/finance-calculators/future-value-calculator/index.html,/finance-calculators/future-value-calculator/,canonical,false,
route_inventory,/finance-calculators/future-value-of-annuity-calculator/,/finance-calculators/future-value-of-annuity-calculator/,future-value-of-annuity|finance-calculators/future-value-of-annuity-calculator,finance,config/clusters/route-ownership.json; public/config/navigation.json; public/finance-calculators/future-value-of-annuity-calculator/index.html; public/sitemap.xml,,true,false,true,true,true,public/finance-calculators/future-value-of-annuity-calculator/index.html,/finance-calculators/future-value-of-annuity-calculator/,canonical,false,
route_inventory,/finance-calculators/inflation-calculator/,/finance-calculators/inflation-calculator/,inflation|finance-calculators/inflation-calculator,finance,config/clusters/route-ownership.json; public/config/navigation.json; public/finance-calculators/inflation-calculator/index.html; public/sitemap.xml,,true,false,true,true,true,public/finance-calculators/inflation-calculator/index.html,/finance-calculators/inflation-calculator/,canonical,false,
route_inventory,/finance-calculators/investment-calculator/,/finance-calculators/investment-calculator/,investment|finance-calculators/investment-calculator,finance,config/clusters/route-ownership.json; public/config/navigation.json; public/finance-calculators/investment-calculator/index.html; public/sitemap.xml,,true,false,true,true,true,public/finance-calculators/investment-calculator/index.html,/finance-calculators/investment-calculator/,canonical,false,
route_inventory,/finance-calculators/investment-growth-calculator/,/finance-calculators/investment-growth-calculator/,investment-growth|finance-calculators/investment-growth-calculator,finance,config/clusters/route-ownership.json; public/config/navigation.json; public/finance-calculators/investment-growth-calculator/index.html; public/sitemap.xml,,true,false,true,true,true,public/finance-calculators/investment-growth-calculator/index.html,/finance-calculators/investment-growth-calculator/,canonical,false,
route_inventory,/finance-calculators/investment-return-calculator/,/finance-calculators/investment-return-calculator/,investment-return|finance-calculators/investment-return-calculator,finance,config/clusters/route-ownership.json; public/config/navigation.json; public/finance-calculators/investment-return-calculator/index.html; public/sitemap.xml,,true,false,true,true,true,public/finance-calculators/investment-return-calculator/index.html,/finance-calculators/investment-return-calculator/,canonical,false,
route_inventory,/finance-calculators/monthly-savings-needed-calculator/,/finance-calculators/monthly-savings-needed-calculator/,monthly-savings-needed|finance-calculators/monthly-savings-needed-calculator,finance,config/clusters/route-ownership.json; public/config/navigation.json; public/finance-calculators/monthly-savings-needed-calculator/index.html; public/sitemap.xml,,true,false,true,true,true,public/finance-calculators/monthly-savings-needed-calculator/index.html,/finance-calculators/monthly-savings-needed-calculator/,canonical,false,
route_inventory,/finance-calculators/present-value-calculator/,/finance-calculators/present-value-calculator/,present-value|finance-calculators/present-value-calculator,finance,config/clusters/route-ownership.json; public/config/navigation.json; public/finance-calculators/present-value-calculator/index.html; public/sitemap.xml,,true,false,true,true,true,public/finance-calculators/present-value-calculator/index.html,/finance-calculators/present-value-calculator/,canonical,false,
route_inventory,/finance-calculators/present-value-of-annuity-calculator/,/finance-calculators/present-value-of-annuity-calculator/,present-value-of-annuity|finance-calculators/present-value-of-annuity-calculator,finance,config/clusters/route-ownership.json; public/config/navigation.json; public/finance-calculators/present-value-of-annuity-calculator/index.html; public/sitemap.xml,,true,false,true,true,true,public/finance-calculators/present-value-of-annuity-calculator/index.html,/finance-calculators/present-value-of-annuity-calculator/,canonical,false,
route_inventory,/finance-calculators/simple-interest-calculator/,/finance-calculators/simple-interest-calculator/,simple-interest|finance-calculators/simple-interest-calculator,finance,config/clusters/route-ownership.json; public/config/navigation.json; public/finance-calculators/simple-interest-calculator/index.html; public/sitemap.xml,,true,false,true,true,true,public/finance-calculators/simple-interest-calculator/index.html,/finance-calculators/simple-interest-calculator/,canonical,false,
route_inventory,/finance-calculators/time-to-savings-goal-calculator/,/finance-calculators/time-to-savings-goal-calculator/,time-to-savings-goal|finance-calculators/time-to-savings-goal-calculator,finance,config/clusters/route-ownership.json; public/config/navigation.json; public/finance-calculators/time-to-savings-goal-calculator/index.html; public/sitemap.xml,,true,false,true,true,true,public/finance-calculators/time-to-savings-goal-calculator/index.html,/finance-calculators/time-to-savings-goal-calculator/,canonical,false,
route_inventory,/homepage-sample/,/homepage-sample/,homepage-sample,,public/homepage-sample/index.html,,false,false,false,false,true,public/homepage-sample/index.html,,unique,false,Generated HTML not listed in sitemap
route_inventory,/loan-calculators/buy-to-let-mortgage-calculator/,/loan-calculators/buy-to-let-mortgage-calculator/,buy-to-let|loan-calculators/buy-to-let-mortgage-calculator,,public/config/navigation.json; public/loan-calculators/buy-to-let-mortgage-calculator/index.html; public/sitemap.xml,,true,false,false,true,true,public/loan-calculators/buy-to-let-mortgage-calculator/index.html,/loan-calculators/buy-to-let-mortgage-calculator/,canonical,false,
route_inventory,/loan-calculators/how-much-can-i-borrow/,/loan-calculators/how-much-can-i-borrow/,how-much-can-i-borrow|loan-calculators/how-much-can-i-borrow,,public/config/navigation.json; public/loan-calculators/how-much-can-i-borrow/index.html; public/sitemap.xml,,true,false,false,true,true,public/loan-calculators/how-much-can-i-borrow/index.html,/loan-calculators/how-much-can-i-borrow/,canonical,false,
route_inventory,/loan-calculators/interest-rate-change-calculator/,/loan-calculators/interest-rate-change-calculator/,interest-rate-change-calculator|loan-calculators/interest-rate-change-calculator,,public/config/navigation.json; public/loan-calculators/interest-rate-change-calculator/index.html; public/sitemap.xml,,true,false,false,true,true,public/loan-calculators/interest-rate-change-calculator/index.html,/loan-calculators/interest-rate-change-calculator/,canonical,false,
route_inventory,/loan-calculators/ltv-calculator/,/loan-calculators/ltv-calculator/,loan-to-value|loan-calculators/ltv-calculator,,public/config/navigation.json; public/loan-calculators/ltv-calculator/index.html; public/sitemap.xml,,true,false,false,true,true,public/loan-calculators/ltv-calculator/index.html,/loan-calculators/ltv-calculator/,canonical,false,
route_inventory,/loan-calculators/mortgage-calculator/,/loan-calculators/mortgage-calculator/,home-loan|loan-calculators/mortgage-calculator,,public/config/navigation.json; public/loan-calculators/mortgage-calculator/index.html; public/sitemap.xml,,true,false,false,true,true,public/loan-calculators/mortgage-calculator/index.html,/loan-calculators/mortgage-calculator/,canonical,false,
route_inventory,/loan-calculators/offset-mortgage-calculator/,/loan-calculators/offset-mortgage-calculator/,offset-calculator|loan-calculators/offset-mortgage-calculator,,public/config/navigation.json; public/loan-calculators/offset-mortgage-calculator/index.html; public/sitemap.xml,,true,false,false,true,true,public/loan-calculators/offset-mortgage-calculator/index.html,/loan-calculators/offset-mortgage-calculator/,canonical,false,
route_inventory,/loan-calculators/personal-loan-calculator/,/loan-calculators/personal-loan-calculator/,personal-loan|loan-calculators/personal-loan-calculator,,public/config/navigation.json; public/loan-calculators/personal-loan-calculator/index.html; public/sitemap.xml,,true,false,false,true,true,public/loan-calculators/personal-loan-calculator/index.html,/loan-calculators/personal-loan-calculator/,canonical,false,
route_inventory,/loan-calculators/remortgage-calculator/,/loan-calculators/remortgage-calculator/,remortgage-switching|loan-calculators/remortgage-calculator,,public/config/navigation.json; public/loan-calculators/remortgage-calculator/index.html; public/sitemap.xml,,true,false,false,true,true,public/loan-calculators/remortgage-calculator/index.html,/loan-calculators/remortgage-calculator/,canonical,false,
route_inventory,/math/algebra/factoring/,/math/algebra/factoring/,factoring|math/algebra/factoring,math,clusters/math/config/navigation.json; config/clusters/route-ownership.json; public/config/navigation.json; public/math/algebra/factoring/index.html; public/sitemap.xml,,true,true,true,true,true,public/math/algebra/factoring/index.html,/math/algebra/factoring/,canonical,false,
route_inventory,/math/algebra/polynomial-operations/,/math/algebra/polynomial-operations/,polynomial-operations|math/algebra/polynomial-operations,math,clusters/math/config/navigation.json; config/clusters/route-ownership.json; public/config/navigation.json; public/math/algebra/polynomial-operations/index.html; public/sitemap.xml,,true,true,true,true,true,public/math/algebra/polynomial-operations/index.html,/math/algebra/polynomial-operations/,canonical,false,
route_inventory,/math/algebra/quadratic-equation/,/math/algebra/quadratic-equation/,quadratic-equation|math/algebra/quadratic-equation,math,clusters/math/config/navigation.json; config/clusters/route-ownership.json; public/config/navigation.json; public/math/algebra/quadratic-equation/index.html; public/sitemap.xml,,true,true,true,true,true,public/math/algebra/quadratic-equation/index.html,/math/algebra/quadratic-equation/,canonical,false,
route_inventory,/math/algebra/slope-distance/,/math/algebra/slope-distance/,slope-distance|math/algebra/slope-distance,math,clusters/math/config/navigation.json; config/clusters/route-ownership.json; public/config/navigation.json; public/math/algebra/slope-distance/index.html; public/sitemap.xml,,true,true,true,true,true,public/math/algebra/slope-distance/index.html,/math/algebra/slope-distance/,canonical,false,
route_inventory,/math/algebra/system-of-equations/,/math/algebra/system-of-equations/,system-of-equations|math/algebra/system-of-equations,math,clusters/math/config/navigation.json; config/clusters/route-ownership.json; public/config/navigation.json; public/math/algebra/system-of-equations/index.html; public/sitemap.xml,,true,true,true,true,true,public/math/algebra/system-of-equations/index.html,/math/algebra/system-of-equations/,canonical,false,
route_inventory,/math/basic/,/math/basic/,basic|math/basic,math,clusters/math/config/navigation.json; config/clusters/route-ownership.json; public/config/navigation.json; public/math/basic/index.html; public/sitemap.xml,,true,true,true,true,true,public/math/basic/index.html,/math/basic/,canonical,false,
route_inventory,/math/calculus/critical-points/,/math/calculus/critical-points/,critical-points|math/calculus/critical-points,math,clusters/math/config/navigation.json; config/clusters/route-ownership.json; public/config/navigation.json; public/math/calculus/critical-points/index.html; public/sitemap.xml,,true,true,true,true,true,public/math/calculus/critical-points/index.html,/math/calculus/critical-points/,canonical,false,
route_inventory,/math/calculus/derivative/,/math/calculus/derivative/,derivative|math/calculus/derivative,math,clusters/math/config/navigation.json; config/clusters/route-ownership.json; public/config/navigation.json; public/math/calculus/derivative/index.html; public/sitemap.xml,,true,true,true,true,true,public/math/calculus/derivative/index.html,/math/calculus/derivative/,canonical,false,
route_inventory,/math/calculus/integral/,/math/calculus/integral/,integral|math/calculus/integral,math,clusters/math/config/navigation.json; config/clusters/route-ownership.json; public/config/navigation.json; public/math/calculus/integral/index.html; public/sitemap.xml,,true,true,true,true,true,public/math/calculus/integral/index.html,/math/calculus/integral/,canonical,false,
route_inventory,/math/calculus/limit/,/math/calculus/limit/,limit|math/calculus/limit,math,clusters/math/config/navigation.json; config/clusters/route-ownership.json; public/config/navigation.json; public/math/calculus/limit/index.html; public/sitemap.xml,,true,true,true,true,true,public/math/calculus/limit/index.html,/math/calculus/limit/,canonical,false,
route_inventory,/math/calculus/series-convergence/,/math/calculus/series-convergence/,series-convergence|math/calculus/series-convergence,math,clusters/math/config/navigation.json; config/clusters/route-ownership.json; public/config/navigation.json; public/math/calculus/series-convergence/index.html; public/sitemap.xml,,true,true,true,true,true,public/math/calculus/series-convergence/index.html,/math/calculus/series-convergence/,canonical,false,
route_inventory,/math/confidence-interval/,/math/confidence-interval/,confidence-interval|math/confidence-interval,math,clusters/math/config/navigation.json; config/clusters/route-ownership.json; public/config/navigation.json; public/math/confidence-interval/index.html; public/sitemap.xml,,true,true,true,true,true,public/math/confidence-interval/index.html,/math/confidence-interval/,canonical,false,
route_inventory,/math/fraction-calculator/,/math/fraction-calculator/,fraction-calculator|math/fraction-calculator,math,clusters/math/config/navigation.json; config/clusters/route-ownership.json; public/config/navigation.json; public/math/fraction-calculator/index.html; public/sitemap.xml,,true,true,true,true,true,public/math/fraction-calculator/index.html,/math/fraction-calculator/,canonical,false,
route_inventory,/math/log/common-log/,/math/log/common-log/,common-log|math/log/common-log,math,clusters/math/config/navigation.json; config/clusters/route-ownership.json; public/config/navigation.json; public/math/log/common-log/index.html; public/sitemap.xml,,true,true,true,true,true,public/math/log/common-log/index.html,/math/log/common-log/,canonical,false,
route_inventory,/math/log/exponential-equations/,/math/log/exponential-equations/,exponential-equations|math/log/exponential-equations,math,clusters/math/config/navigation.json; config/clusters/route-ownership.json; public/config/navigation.json; public/math/log/exponential-equations/index.html; public/sitemap.xml,,true,true,true,true,true,public/math/log/exponential-equations/index.html,/math/log/exponential-equations/,canonical,false,
route_inventory,/math/log/log-properties/,/math/log/log-properties/,log-properties|math/log/log-properties,math,clusters/math/config/navigation.json; config/clusters/route-ownership.json; public/config/navigation.json; public/math/log/log-properties/index.html; public/sitemap.xml,,true,true,true,true,true,public/math/log/log-properties/index.html,/math/log/log-properties/,canonical,false,
route_inventory,/math/log/log-scale/,/math/log/log-scale/,log-scale|math/log/log-scale,math,clusters/math/config/navigation.json; config/clusters/route-ownership.json; public/config/navigation.json; public/math/log/log-scale/index.html; public/sitemap.xml,,true,true,true,true,true,public/math/log/log-scale/index.html,/math/log/log-scale/,canonical,false,
route_inventory,/math/log/natural-log/,/math/log/natural-log/,natural-log|math/log/natural-log,math,clusters/math/config/navigation.json; config/clusters/route-ownership.json; public/config/navigation.json; public/math/log/natural-log/index.html; public/sitemap.xml,,true,true,true,true,true,public/math/log/natural-log/index.html,/math/log/natural-log/,canonical,false,
route_inventory,/math/mean-median-mode-range/,/math/mean-median-mode-range/,mean-median-mode-range|math/mean-median-mode-range,math,clusters/math/config/navigation.json; config/clusters/route-ownership.json; public/config/navigation.json; public/math/mean-median-mode-range/index.html; public/sitemap.xml,,true,true,true,true,true,public/math/mean-median-mode-range/index.html,/math/mean-median-mode-range/,canonical,false,
route_inventory,/math/number-sequence/,/math/number-sequence/,number-sequence|math/number-sequence,math,clusters/math/config/navigation.json; config/clusters/route-ownership.json; public/config/navigation.json; public/math/number-sequence/index.html; public/sitemap.xml,,true,true,true,true,true,public/math/number-sequence/index.html,/math/number-sequence/,canonical,false,
route_inventory,/math/permutation-combination/,/math/permutation-combination/,permutation-combination|math/permutation-combination,math,clusters/math/config/navigation.json; config/clusters/route-ownership.json; public/config/navigation.json; public/math/permutation-combination/index.html; public/sitemap.xml,,true,true,true,true,true,public/math/permutation-combination/index.html,/math/permutation-combination/,canonical,false,
route_inventory,/math/probability/,/math/probability/,probability|math/probability,math,clusters/math/config/navigation.json; config/clusters/route-ownership.json; public/config/navigation.json; public/math/probability/index.html; public/sitemap.xml,,true,true,true,true,true,public/math/probability/index.html,/math/probability/,canonical,false,
route_inventory,/math/sample-size/,/math/sample-size/,sample-size|math/sample-size,math,clusters/math/config/navigation.json; config/clusters/route-ownership.json; public/config/navigation.json; public/math/sample-size/index.html; public/sitemap.xml,,true,true,true,true,true,public/math/sample-size/index.html,/math/sample-size/,canonical,false,
route_inventory,/math/standard-deviation/,/math/standard-deviation/,standard-deviation|math/standard-deviation,math,clusters/math/config/navigation.json; config/clusters/route-ownership.json; public/config/navigation.json; public/math/standard-deviation/index.html; public/sitemap.xml,,true,true,true,true,true,public/math/standard-deviation/index.html,/math/standard-deviation/,canonical,false,
route_inventory,/math/statistics/,/math/statistics/,statistics|math/statistics,math,clusters/math/config/navigation.json; config/clusters/route-ownership.json; public/config/navigation.json; public/math/statistics/index.html; public/sitemap.xml,,true,true,true,true,true,public/math/statistics/index.html,/math/statistics/,canonical,false,
route_inventory,/math/statistics/anova/,/math/statistics/anova/,anova|math/statistics/anova,math,clusters/math/config/navigation.json; config/clusters/route-ownership.json; public/config/navigation.json; public/math/statistics/anova/index.html; public/sitemap.xml,,true,true,true,true,true,public/math/statistics/anova/index.html,/math/statistics/anova/,canonical,false,
route_inventory,/math/statistics/correlation/,/math/statistics/correlation/,correlation|math/statistics/correlation,math,clusters/math/config/navigation.json; config/clusters/route-ownership.json; public/config/navigation.json; public/math/statistics/correlation/index.html; public/sitemap.xml,,true,true,true,true,true,public/math/statistics/correlation/index.html,/math/statistics/correlation/,canonical,false,
route_inventory,/math/statistics/distribution/,/math/statistics/distribution/,distribution|math/statistics/distribution,math,clusters/math/config/navigation.json; config/clusters/route-ownership.json; public/config/navigation.json; public/math/statistics/distribution/index.html; public/sitemap.xml,,true,true,true,true,true,public/math/statistics/distribution/index.html,/math/statistics/distribution/,canonical,false,
route_inventory,/math/statistics/hypothesis-testing/,/math/statistics/hypothesis-testing/,hypothesis-testing|math/statistics/hypothesis-testing,math,clusters/math/config/navigation.json; config/clusters/route-ownership.json; public/config/navigation.json; public/math/statistics/hypothesis-testing/index.html; public/sitemap.xml,,true,true,true,true,true,public/math/statistics/hypothesis-testing/index.html,/math/statistics/hypothesis-testing/,canonical,false,
route_inventory,/math/statistics/regression-analysis/,/math/statistics/regression-analysis/,regression-analysis|math/statistics/regression-analysis,math,clusters/math/config/navigation.json; config/clusters/route-ownership.json; public/config/navigation.json; public/math/statistics/regression-analysis/index.html; public/sitemap.xml,,true,true,true,true,true,public/math/statistics/regression-analysis/index.html,/math/statistics/regression-analysis/,canonical,false,
route_inventory,/math/trigonometry/inverse-trig/,/math/trigonometry/inverse-trig/,inverse-trig|math/trigonometry/inverse-trig,math,clusters/math/config/navigation.json; config/clusters/route-ownership.json; public/config/navigation.json; public/math/trigonometry/inverse-trig/index.html; public/sitemap.xml,,true,true,true,true,true,public/math/trigonometry/inverse-trig/index.html,/math/trigonometry/inverse-trig/,canonical,false,
route_inventory,/math/trigonometry/law-of-sines-cosines/,/math/trigonometry/law-of-sines-cosines/,law-of-sines-cosines|math/trigonometry/law-of-sines-cosines,math,clusters/math/config/navigation.json; config/clusters/route-ownership.json; public/config/navigation.json; public/math/trigonometry/law-of-sines-cosines/index.html; public/sitemap.xml,,true,true,true,true,true,public/math/trigonometry/law-of-sines-cosines/index.html,/math/trigonometry/law-of-sines-cosines/,canonical,false,
route_inventory,/math/trigonometry/triangle-solver/,/math/trigonometry/triangle-solver/,triangle-solver|math/trigonometry/triangle-solver,math,clusters/math/config/navigation.json; config/clusters/route-ownership.json; public/config/navigation.json; public/math/trigonometry/triangle-solver/index.html; public/sitemap.xml,,true,true,true,true,true,public/math/trigonometry/triangle-solver/index.html,/math/trigonometry/triangle-solver/,canonical,false,
route_inventory,/math/trigonometry/trig-functions/,/math/trigonometry/trig-functions/,trig-functions|math/trigonometry/trig-functions,math,clusters/math/config/navigation.json; config/clusters/route-ownership.json; public/config/navigation.json; public/math/trigonometry/trig-functions/index.html; public/sitemap.xml,,true,true,true,true,true,public/math/trigonometry/trig-functions/index.html,/math/trigonometry/trig-functions/,canonical,false,
route_inventory,/math/trigonometry/unit-circle/,/math/trigonometry/unit-circle/,unit-circle|math/trigonometry/unit-circle,math,clusters/math/config/navigation.json; config/clusters/route-ownership.json; public/config/navigation.json; public/math/trigonometry/unit-circle/index.html; public/sitemap.xml,,true,true,true,true,true,public/math/trigonometry/unit-circle/index.html,/math/trigonometry/unit-circle/,canonical,false,
route_inventory,/math/z-score/,/math/z-score/,z-score|math/z-score,math,clusters/math/config/navigation.json; config/clusters/route-ownership.json; public/config/navigation.json; public/math/z-score/index.html; public/sitemap.xml,,true,true,true,true,true,public/math/z-score/index.html,/math/z-score/,canonical,false,
route_inventory,/percentage-calculators/percent-change-calculator/,/percentage-calculators/percent-change-calculator/,percent-change|percentage-calculators/percent-change-calculator,percentage,clusters/percentage/config/navigation.json; config/clusters/route-ownership.json; public/config/navigation.json; public/percentage-calculators/percent-change-calculator/index.html; public/sitemap.xml,,true,true,true,true,true,public/percentage-calculators/percent-change-calculator/index.html,/percentage-calculators/percent-change-calculator/,canonical,false,
route_inventory,/percentage-calculators/percent-to-fraction-decimal-calculator/,/percentage-calculators/percent-to-fraction-decimal-calculator/,percent-to-fraction-decimal|percentage-calculators/percent-to-fraction-decimal-calculator,percentage,clusters/percentage/config/navigation.json; config/clusters/route-ownership.json; public/config/navigation.json; public/percentage-calculators/percent-to-fraction-decimal-calculator/index.html; public/sitemap.xml,,true,true,true,true,true,public/percentage-calculators/percent-to-fraction-decimal-calculator/index.html,/percentage-calculators/percent-to-fraction-decimal-calculator/,canonical,false,
route_inventory,/percentage-calculators/percentage-composition-calculator/,/percentage-calculators/percentage-composition-calculator/,percentage-composition|percentage-calculators/percentage-composition-calculator,percentage,clusters/percentage/config/navigation.json; config/clusters/route-ownership.json; public/config/navigation.json; public/percentage-calculators/percentage-composition-calculator/index.html; public/sitemap.xml,,true,true,true,true,true,public/percentage-calculators/percentage-composition-calculator/index.html,/percentage-calculators/percentage-composition-calculator/,canonical,false,
route_inventory,/percentage-calculators/percentage-decrease-calculator/,/percentage-calculators/percentage-decrease-calculator/,percentage-decrease|percentage-calculators/percentage-decrease-calculator,percentage,clusters/percentage/config/navigation.json; config/clusters/route-ownership.json; public/config/navigation.json; public/percentage-calculators/percentage-decrease-calculator/index.html; public/sitemap.xml,,true,true,true,true,true,public/percentage-calculators/percentage-decrease-calculator/index.html,/percentage-calculators/percentage-decrease-calculator/,canonical,false,
route_inventory,/percentage-calculators/percentage-difference-calculator/,/percentage-calculators/percentage-difference-calculator/,percentage-difference|percentage-calculators/percentage-difference-calculator,percentage,clusters/percentage/config/navigation.json; config/clusters/route-ownership.json; public/config/navigation.json; public/percentage-calculators/percentage-difference-calculator/index.html; public/sitemap.xml,,true,true,true,true,true,public/percentage-calculators/percentage-difference-calculator/index.html,/percentage-calculators/percentage-difference-calculator/,canonical,false,
route_inventory,/percentage-calculators/percentage-finder-calculator/,/percentage-calculators/percentage-finder-calculator/,what-percent-is-x-of-y|percentage-calculators/percentage-finder-calculator,percentage,clusters/percentage/config/navigation.json; config/clusters/route-ownership.json; public/config/navigation.json; public/percentage-calculators/percentage-finder-calculator/index.html; public/sitemap.xml,,true,true,true,true,true,public/percentage-calculators/percentage-finder-calculator/index.html,/percentage-calculators/percentage-finder-calculator/,canonical,false,
route_inventory,/percentage-calculators/percentage-increase-calculator/,/percentage-calculators/percentage-increase-calculator/,percentage-increase|percentage-calculators/percentage-increase-calculator,percentage,clusters/percentage/config/navigation.json; config/clusters/route-ownership.json; public/config/navigation.json; public/percentage-calculators/percentage-increase-calculator/index.html; public/sitemap.xml,,true,true,true,true,true,public/percentage-calculators/percentage-increase-calculator/index.html,/percentage-calculators/percentage-increase-calculator/,canonical,false,
route_inventory,/percentage-calculators/percentage-of-a-number-calculator/,/percentage-calculators/percentage-of-a-number-calculator/,percentage-of-a-number|percentage-calculators/percentage-of-a-number-calculator,percentage,clusters/percentage/config/navigation.json; config/clusters/route-ownership.json; public/config/navigation.json; public/percentage-calculators/percentage-of-a-number-calculator/index.html; public/sitemap.xml,,true,true,true,true,true,public/percentage-calculators/percentage-of-a-number-calculator/index.html,/percentage-calculators/percentage-of-a-number-calculator/,canonical,false,
route_inventory,/percentage-calculators/reverse-percentage-calculator/,/percentage-calculators/reverse-percentage-calculator/,reverse-percentage|percentage-calculators/reverse-percentage-calculator,percentage,clusters/percentage/config/navigation.json; config/clusters/route-ownership.json; public/config/navigation.json; public/percentage-calculators/reverse-percentage-calculator/index.html; public/sitemap.xml,,true,true,true,true,true,public/percentage-calculators/reverse-percentage-calculator/index.html,/percentage-calculators/reverse-percentage-calculator/,canonical,false,
route_inventory,/pricing-calculators/,/pricing-calculators/,pricing-calculators,,public/pricing-calculators/index.html; public/sitemap.xml,,false,false,false,true,true,public/pricing-calculators/index.html,,unique,false,
route_inventory,/pricing-calculators/commission-calculator/,/pricing-calculators/commission-calculator/,commission-calculator|pricing-calculators/commission-calculator,pricing,clusters/pricing/config/navigation.json; config/clusters/route-ownership.json; public/config/navigation.json; public/pricing-calculators/commission-calculator/index.html; public/sitemap.xml,,true,true,true,true,true,public/pricing-calculators/commission-calculator/index.html,/pricing-calculators/commission-calculator/,canonical,false,
route_inventory,/pricing-calculators/discount-calculator/,/pricing-calculators/discount-calculator/,discount-calculator|pricing-calculators/discount-calculator,pricing,clusters/pricing/config/navigation.json; config/clusters/route-ownership.json; public/config/navigation.json; public/pricing-calculators/discount-calculator/index.html; public/sitemap.xml,,true,true,true,true,true,public/pricing-calculators/discount-calculator/index.html,/pricing-calculators/discount-calculator/,canonical,false,
route_inventory,/pricing-calculators/margin-calculator/,/pricing-calculators/margin-calculator/,margin-calculator|pricing-calculators/margin-calculator,pricing,clusters/pricing/config/navigation.json; config/clusters/route-ownership.json; public/config/navigation.json; public/pricing-calculators/margin-calculator/index.html; public/sitemap.xml,,true,true,true,true,true,public/pricing-calculators/margin-calculator/index.html,/pricing-calculators/margin-calculator/,canonical,false,
route_inventory,/pricing-calculators/markup-calculator/,/pricing-calculators/markup-calculator/,markup-calculator|pricing-calculators/markup-calculator,pricing,clusters/pricing/config/navigation.json; config/clusters/route-ownership.json; public/config/navigation.json; public/pricing-calculators/markup-calculator/index.html; public/sitemap.xml,,true,true,true,true,true,public/pricing-calculators/markup-calculator/index.html,/pricing-calculators/markup-calculator/,canonical,false,
route_inventory,/privacy/,/privacy/,privacy,,public/privacy/index.html; public/sitemap.xml,,false,false,false,true,true,public/privacy/index.html,,unique,false,
route_inventory,/salary-calculators/,/salary-calculators/,salary-calculators-hub|salary-calculators,salary,clusters/salary/config/navigation.json; config/clusters/route-ownership.json; public/config/navigation.json; public/salary-calculators/index.html; public/sitemap.xml,,true,true,true,true,true,public/salary-calculators/index.html,,unique,false,
route_inventory,/salary-calculators/annual-to-monthly-salary-calculator/,/salary-calculators/annual-to-monthly-salary-calculator/,annual-to-monthly-salary-calculator|salary-calculators/annual-to-monthly-salary-calculator,salary,clusters/salary/config/navigation.json; config/clusters/route-ownership.json; public/config/navigation.json; public/salary-calculators/annual-to-monthly-salary-calculator/index.html; public/sitemap.xml,,true,true,true,true,true,public/salary-calculators/annual-to-monthly-salary-calculator/index.html,/salary-calculators/annual-to-monthly-salary-calculator/,canonical,false,
route_inventory,/salary-calculators/bonus-calculator/,/salary-calculators/bonus-calculator/,bonus-calculator|salary-calculators/bonus-calculator,salary,clusters/salary/config/navigation.json; config/clusters/route-ownership.json; public/config/navigation.json; public/salary-calculators/bonus-calculator/index.html; public/sitemap.xml,,true,true,true,true,true,public/salary-calculators/bonus-calculator/index.html,/salary-calculators/bonus-calculator/,canonical,false,
route_inventory,/salary-calculators/commission-calculator/,/salary-calculators/commission-calculator/,commission-calculator|salary-calculators/commission-calculator,salary,clusters/salary/config/navigation.json; config/clusters/route-ownership.json; public/config/navigation.json; public/salary-calculators/commission-calculator/index.html; public/sitemap.xml,,true,true,true,true,true,public/salary-calculators/commission-calculator/index.html,/salary-calculators/commission-calculator/,canonical,false,
route_inventory,/salary-calculators/hourly-to-salary-calculator/,/salary-calculators/hourly-to-salary-calculator/,hourly-to-salary-calculator|salary-calculators/hourly-to-salary-calculator,salary,clusters/salary/config/navigation.json; config/clusters/route-ownership.json; public/config/navigation.json; public/salary-calculators/hourly-to-salary-calculator/index.html; public/sitemap.xml,,true,true,true,true,true,public/salary-calculators/hourly-to-salary-calculator/index.html,/salary-calculators/hourly-to-salary-calculator/,canonical,false,
route_inventory,/salary-calculators/inflation-adjusted-salary-calculator/,/salary-calculators/inflation-adjusted-salary-calculator/,inflation-adjusted-salary-calculator|salary-calculators/inflation-adjusted-salary-calculator,salary,clusters/salary/config/navigation.json; config/clusters/route-ownership.json; public/config/navigation.json; public/salary-calculators/inflation-adjusted-salary-calculator/index.html; public/sitemap.xml,,true,true,true,true,true,public/salary-calculators/inflation-adjusted-salary-calculator/index.html,/salary-calculators/inflation-adjusted-salary-calculator/,canonical,false,
route_inventory,/salary-calculators/monthly-to-annual-salary-calculator/,/salary-calculators/monthly-to-annual-salary-calculator/,monthly-to-annual-salary-calculator|salary-calculators/monthly-to-annual-salary-calculator,salary,clusters/salary/config/navigation.json; config/clusters/route-ownership.json; public/config/navigation.json; public/salary-calculators/monthly-to-annual-salary-calculator/index.html; public/sitemap.xml,,true,true,true,true,true,public/salary-calculators/monthly-to-annual-salary-calculator/index.html,/salary-calculators/monthly-to-annual-salary-calculator/,canonical,false,
route_inventory,/salary-calculators/overtime-pay-calculator/,/salary-calculators/overtime-pay-calculator/,overtime-pay-calculator|salary-calculators/overtime-pay-calculator,salary,clusters/salary/config/navigation.json; config/clusters/route-ownership.json; public/config/navigation.json; public/salary-calculators/overtime-pay-calculator/index.html; public/sitemap.xml,,true,true,true,true,true,public/salary-calculators/overtime-pay-calculator/index.html,/salary-calculators/overtime-pay-calculator/,canonical,false,
route_inventory,/salary-calculators/raise-calculator/,/salary-calculators/raise-calculator/,raise-calculator|salary-calculators/raise-calculator,salary,clusters/salary/config/navigation.json; config/clusters/route-ownership.json; public/config/navigation.json; public/salary-calculators/raise-calculator/index.html; public/sitemap.xml,,true,true,true,true,true,public/salary-calculators/raise-calculator/index.html,/salary-calculators/raise-calculator/,canonical,false,
route_inventory,/salary-calculators/salary-calculator/,/salary-calculators/salary-calculator/,salary-calculator|salary-calculators/salary-calculator,salary,clusters/salary/config/navigation.json; config/clusters/route-ownership.json; public/config/navigation.json; public/salary-calculators/salary-calculator/index.html; public/sitemap.xml,,true,true,true,true,true,public/salary-calculators/salary-calculator/index.html,/salary-calculators/salary-calculator/,canonical,false,
route_inventory,/salary-calculators/salary-to-hourly-calculator/,/salary-calculators/salary-to-hourly-calculator/,salary-to-hourly-calculator|salary-calculators/salary-to-hourly-calculator,salary,clusters/salary/config/navigation.json; config/clusters/route-ownership.json; public/config/navigation.json; public/salary-calculators/salary-to-hourly-calculator/index.html; public/sitemap.xml,,true,true,true,true,true,public/salary-calculators/salary-to-hourly-calculator/index.html,/salary-calculators/salary-to-hourly-calculator/,canonical,false,
route_inventory,/salary-calculators/weekly-pay-calculator/,/salary-calculators/weekly-pay-calculator/,weekly-pay-calculator|salary-calculators/weekly-pay-calculator,salary,clusters/salary/config/navigation.json; config/clusters/route-ownership.json; public/config/navigation.json; public/salary-calculators/weekly-pay-calculator/index.html; public/sitemap.xml,,true,true,true,true,true,public/salary-calculators/weekly-pay-calculator/index.html,/salary-calculators/weekly-pay-calculator/,canonical,false,
route_inventory,/terms-and-conditions/,/terms-and-conditions/,terms-and-conditions,,public/sitemap.xml; public/terms-and-conditions/index.html,,false,false,false,true,true,public/terms-and-conditions/index.html,,unique,false,
route_inventory,/time-and-date/age-calculator/,/time-and-date/age-calculator/,age-calculator|time-and-date/age-calculator,time-and-date,clusters/time-and-date/config/navigation.json; config/clusters/route-ownership.json; public/config/navigation.json; public/sitemap.xml; public/time-and-date/age-calculator/index.html,,true,true,true,true,true,public/time-and-date/age-calculator/index.html,/time-and-date/age-calculator/,canonical,false,
route_inventory,/time-and-date/birthday-day-of-week/,/time-and-date/birthday-day-of-week/,birthday-day-of-week|time-and-date/birthday-day-of-week,time-and-date,clusters/time-and-date/config/navigation.json; config/clusters/route-ownership.json; public/config/navigation.json; public/sitemap.xml; public/time-and-date/birthday-day-of-week/index.html,,true,true,true,true,true,public/time-and-date/birthday-day-of-week/index.html,/time-and-date/birthday-day-of-week/,canonical,false,
route_inventory,/time-and-date/countdown-timer/,/time-and-date/countdown-timer/,countdown-timer|time-and-date/countdown-timer,time-and-date,clusters/time-and-date/config/navigation.json; config/clusters/route-ownership.json; public/config/navigation.json; public/sitemap.xml; public/time-and-date/countdown-timer/index.html,,true,true,true,true,true,public/time-and-date/countdown-timer/index.html,/time-and-date/countdown-timer/,canonical,false,
route_inventory,/time-and-date/days-until-a-date-calculator/,/time-and-date/days-until-a-date-calculator/,days-until-a-date-calculator|time-and-date/days-until-a-date-calculator,time-and-date,clusters/time-and-date/config/navigation.json; config/clusters/route-ownership.json; public/config/navigation.json; public/sitemap.xml; public/time-and-date/days-until-a-date-calculator/index.html,,true,true,true,true,true,public/time-and-date/days-until-a-date-calculator/index.html,/time-and-date/days-until-a-date-calculator/,canonical,false,
route_inventory,/time-and-date/energy-based-nap-selector/,/time-and-date/energy-based-nap-selector/,energy-based-nap-selector|time-and-date/energy-based-nap-selector,time-and-date,clusters/time-and-date/config/navigation.json; config/clusters/route-ownership.json; public/config/navigation.json; public/sitemap.xml; public/time-and-date/energy-based-nap-selector/index.html,,true,true,true,true,true,public/time-and-date/energy-based-nap-selector/index.html,/time-and-date/energy-based-nap-selector/,canonical,false,
route_inventory,/time-and-date/nap-time-calculator/,/time-and-date/nap-time-calculator/,nap-time-calculator|time-and-date/nap-time-calculator,time-and-date,clusters/time-and-date/config/navigation.json; config/clusters/route-ownership.json; public/config/navigation.json; public/sitemap.xml; public/time-and-date/nap-time-calculator/index.html,,true,true,true,true,true,public/time-and-date/nap-time-calculator/index.html,/time-and-date/nap-time-calculator/,canonical,false,
route_inventory,/time-and-date/overtime-hours-calculator/,/time-and-date/overtime-hours-calculator/,overtime-hours-calculator|time-and-date/overtime-hours-calculator,time-and-date,clusters/time-and-date/config/navigation.json; config/clusters/route-ownership.json; public/config/navigation.json; public/sitemap.xml; public/time-and-date/overtime-hours-calculator/index.html,,true,true,true,true,true,public/time-and-date/overtime-hours-calculator/index.html,/time-and-date/overtime-hours-calculator/,canonical,false,
route_inventory,/time-and-date/power-nap-calculator/,/time-and-date/power-nap-calculator/,power-nap-calculator|time-and-date/power-nap-calculator,time-and-date,clusters/time-and-date/config/navigation.json; config/clusters/route-ownership.json; public/config/navigation.json; public/sitemap.xml; public/time-and-date/power-nap-calculator/index.html,,true,true,true,true,true,public/time-and-date/power-nap-calculator/index.html,/time-and-date/power-nap-calculator/,canonical,false,
route_inventory,/time-and-date/sleep-time-calculator/,/time-and-date/sleep-time-calculator/,sleep-time-calculator|time-and-date/sleep-time-calculator,time-and-date,clusters/time-and-date/config/navigation.json; config/clusters/route-ownership.json; public/config/navigation.json; public/sitemap.xml; public/time-and-date/sleep-time-calculator/index.html,,true,true,true,true,true,public/time-and-date/sleep-time-calculator/index.html,/time-and-date/sleep-time-calculator/,canonical,false,
route_inventory,/time-and-date/time-between-two-dates-calculator/,/time-and-date/time-between-two-dates-calculator/,time-between-two-dates-calculator|time-and-date/time-between-two-dates-calculator,time-and-date,clusters/time-and-date/config/navigation.json; config/clusters/route-ownership.json; public/config/navigation.json; public/sitemap.xml; public/time-and-date/time-between-two-dates-calculator/index.html,,true,true,true,true,true,public/time-and-date/time-between-two-dates-calculator/index.html,/time-and-date/time-between-two-dates-calculator/,canonical,false,
route_inventory,/time-and-date/wake-up-time-calculator/,/time-and-date/wake-up-time-calculator/,wake-up-time-calculator|time-and-date/wake-up-time-calculator,time-and-date,clusters/time-and-date/config/navigation.json; config/clusters/route-ownership.json; public/config/navigation.json; public/sitemap.xml; public/time-and-date/wake-up-time-calculator/index.html,,true,true,true,true,true,public/time-and-date/wake-up-time-calculator/index.html,/time-and-date/wake-up-time-calculator/,canonical,false,
route_inventory,/time-and-date/work-hours-calculator/,/time-and-date/work-hours-calculator/,work-hours-calculator|time-and-date/work-hours-calculator,time-and-date,clusters/time-and-date/config/navigation.json; config/clusters/route-ownership.json; public/config/navigation.json; public/sitemap.xml; public/time-and-date/work-hours-calculator/index.html,,true,true,true,true,true,public/time-and-date/work-hours-calculator/index.html,/time-and-date/work-hours-calculator/,canonical,false,